begin;
insert into public.dishes(id,slug,name,category,tags,difficulty,cook_minutes,servings,description,emoji,tone,tips,video_url,featured,active) values('1','dish-01','番茄炒蛋','快手菜',array['下饭','零失败']::text[],'简单',25,2,'把番茄、鸡蛋做得恰到好处，是很适合两个人晚餐的一道番茄炒蛋。','🍅','coral',array['食材下锅前尽量沥干水分，味道更香，也更安全。','最后尝味再补盐，避免调味过重。']::text[],'https://search.bilibili.com/all?keyword=%E7%95%AA%E8%8C%84%E7%82%92%E8%9B%8B%20%E5%AE%B6%E5%B8%B8%E5%81%9A%E6%B3%95',true,true) on conflict(id) do update set slug=excluded.slug,name=excluded.name,category=excluded.category,tags=excluded.tags,difficulty=excluded.difficulty,cook_minutes=excluded.cook_minutes,servings=excluded.servings,description=excluded.description,emoji=excluded.emoji,tone=excluded.tone,tips=excluded.tips,video_url=excluded.video_url,featured=excluded.featured,active=true;
delete from public.dish_ingredients where dish_id='1';
insert into public.ingredients(name,category,default_unit) values('番茄','vegetable','') on conflict(name,category) do update set default_unit=excluded.default_unit;
insert into public.dish_ingredients(dish_id,ingredient_id,kind,amount,unit,display_amount,optional,sort_order) select '1',id,'ingredient',null,'','2个',false,0 from public.ingredients where name='番茄' and category='vegetable';
insert into public.ingredients(name,category,default_unit) values('鸡蛋','egg','') on conflict(name,category) do update set default_unit=excluded.default_unit;
insert into public.dish_ingredients(dish_id,ingredient_id,kind,amount,unit,display_amount,optional,sort_order) select '1',id,'ingredient',null,'','3个',false,1 from public.ingredients where name='鸡蛋' and category='egg';
insert into public.ingredients(name,category,default_unit) values('生抽','seasoning','勺') on conflict(name,category) do update set default_unit=excluded.default_unit;
insert into public.dish_ingredients(dish_id,ingredient_id,kind,amount,unit,display_amount,optional,sort_order) select '1',id,'seasoning',1,'勺','1勺',false,2 from public.ingredients where name='生抽' and category='seasoning';
insert into public.ingredients(name,category,default_unit) values('盐','pantry','') on conflict(name,category) do update set default_unit=excluded.default_unit;
insert into public.dish_ingredients(dish_id,ingredient_id,kind,amount,unit,display_amount,optional,sort_order) select '1',id,'seasoning',null,'','适量',false,3 from public.ingredients where name='盐' and category='pantry';
insert into public.ingredients(name,category,default_unit) values('食用油','pantry','') on conflict(name,category) do update set default_unit=excluded.default_unit;
insert into public.dish_ingredients(dish_id,ingredient_id,kind,amount,unit,display_amount,optional,sort_order) select '1',id,'seasoning',null,'','适量',false,4 from public.ingredients where name='食用油' and category='pantry';
delete from public.recipe_steps where dish_id='1';
insert into public.recipe_steps(dish_id,step_number,title,description) values('1',1,'备好食材','番茄、鸡蛋处理干净，按容易入口的大小切好，调料提前放在手边。');
insert into public.recipe_steps(dish_id,step_number,title,description) values('1',2,'开始烹饪','热锅放油，先处理耐熟食材，再加入其余食材快速翻炒。');
insert into public.recipe_steps(dish_id,step_number,title,description) values('1',3,'调味出锅','加入调料翻匀，尝味后微调咸淡，趁热装盘。');
insert into public.dishes(id,slug,name,category,tags,difficulty,cook_minutes,servings,description,emoji,tone,tips,video_url,featured,active) values('2','dish-02','青椒肉丝','荤菜',array['下饭','快炒']::text[],'简单',25,2,'把青椒、猪里脊做得恰到好处，是很适合两个人晚餐的一道青椒肉丝。','🫑','green',array['食材下锅前尽量沥干水分，味道更香，也更安全。','最后尝味再补盐，避免调味过重。']::text[],'https://search.bilibili.com/all?keyword=%E9%9D%92%E6%A4%92%E8%82%89%E4%B8%9D%20%E5%AE%B6%E5%B8%B8%E5%81%9A%E6%B3%95',false,true) on conflict(id) do update set slug=excluded.slug,name=excluded.name,category=excluded.category,tags=excluded.tags,difficulty=excluded.difficulty,cook_minutes=excluded.cook_minutes,servings=excluded.servings,description=excluded.description,emoji=excluded.emoji,tone=excluded.tone,tips=excluded.tips,video_url=excluded.video_url,featured=excluded.featured,active=true;
delete from public.dish_ingredients where dish_id='2';
insert into public.ingredients(name,category,default_unit) values('青椒','vegetable','') on conflict(name,category) do update set default_unit=excluded.default_unit;
insert into public.dish_ingredients(dish_id,ingredient_id,kind,amount,unit,display_amount,optional,sort_order) select '2',id,'ingredient',null,'','3个',false,0 from public.ingredients where name='青椒' and category='vegetable';
insert into public.ingredients(name,category,default_unit) values('猪里脊','meat','') on conflict(name,category) do update set default_unit=excluded.default_unit;
insert into public.dish_ingredients(dish_id,ingredient_id,kind,amount,unit,display_amount,optional,sort_order) select '2',id,'ingredient',null,'','250克',false,1 from public.ingredients where name='猪里脊' and category='meat';
insert into public.ingredients(name,category,default_unit) values('生抽','seasoning','勺') on conflict(name,category) do update set default_unit=excluded.default_unit;
insert into public.dish_ingredients(dish_id,ingredient_id,kind,amount,unit,display_amount,optional,sort_order) select '2',id,'seasoning',1,'勺','1勺',false,2 from public.ingredients where name='生抽' and category='seasoning';
insert into public.ingredients(name,category,default_unit) values('盐','pantry','') on conflict(name,category) do update set default_unit=excluded.default_unit;
insert into public.dish_ingredients(dish_id,ingredient_id,kind,amount,unit,display_amount,optional,sort_order) select '2',id,'seasoning',null,'','适量',false,3 from public.ingredients where name='盐' and category='pantry';
insert into public.ingredients(name,category,default_unit) values('食用油','pantry','') on conflict(name,category) do update set default_unit=excluded.default_unit;
insert into public.dish_ingredients(dish_id,ingredient_id,kind,amount,unit,display_amount,optional,sort_order) select '2',id,'seasoning',null,'','适量',false,4 from public.ingredients where name='食用油' and category='pantry';
delete from public.recipe_steps where dish_id='2';
insert into public.recipe_steps(dish_id,step_number,title,description) values('2',1,'备好食材','青椒、猪里脊处理干净，按容易入口的大小切好，调料提前放在手边。');
insert into public.recipe_steps(dish_id,step_number,title,description) values('2',2,'开始烹饪','热锅放油，先处理耐熟食材，再加入其余食材快速翻炒。');
insert into public.recipe_steps(dish_id,step_number,title,description) values('2',3,'调味出锅','加入调料翻匀，尝味后微调咸淡，趁热装盘。');
insert into public.dishes(id,slug,name,category,tags,difficulty,cook_minutes,servings,description,emoji,tone,tips,video_url,featured,active) values('3','dish-03','鱼香肉丝','荤菜',array['酸甜','下饭']::text[],'适中',25,2,'把猪里脊、胡萝卜、木耳做得恰到好处，是很适合两个人晚餐的一道鱼香肉丝。','🥢','amber',array['食材下锅前尽量沥干水分，味道更香，也更安全。','最后尝味再补盐，避免调味过重。']::text[],'https://search.bilibili.com/all?keyword=%E9%B1%BC%E9%A6%99%E8%82%89%E4%B8%9D%20%E5%AE%B6%E5%B8%B8%E5%81%9A%E6%B3%95',false,true) on conflict(id) do update set slug=excluded.slug,name=excluded.name,category=excluded.category,tags=excluded.tags,difficulty=excluded.difficulty,cook_minutes=excluded.cook_minutes,servings=excluded.servings,description=excluded.description,emoji=excluded.emoji,tone=excluded.tone,tips=excluded.tips,video_url=excluded.video_url,featured=excluded.featured,active=true;
delete from public.dish_ingredients where dish_id='3';
insert into public.ingredients(name,category,default_unit) values('猪里脊','meat','') on conflict(name,category) do update set default_unit=excluded.default_unit;
insert into public.dish_ingredients(dish_id,ingredient_id,kind,amount,unit,display_amount,optional,sort_order) select '3',id,'ingredient',null,'','250克',false,0 from public.ingredients where name='猪里脊' and category='meat';
insert into public.ingredients(name,category,default_unit) values('胡萝卜','vegetable','') on conflict(name,category) do update set default_unit=excluded.default_unit;
insert into public.dish_ingredients(dish_id,ingredient_id,kind,amount,unit,display_amount,optional,sort_order) select '3',id,'ingredient',null,'','半根',false,1 from public.ingredients where name='胡萝卜' and category='vegetable';
insert into public.ingredients(name,category,default_unit) values('木耳','vegetable','') on conflict(name,category) do update set default_unit=excluded.default_unit;
insert into public.dish_ingredients(dish_id,ingredient_id,kind,amount,unit,display_amount,optional,sort_order) select '3',id,'ingredient',null,'','1小把',false,2 from public.ingredients where name='木耳' and category='vegetable';
insert into public.ingredients(name,category,default_unit) values('生抽','seasoning','勺') on conflict(name,category) do update set default_unit=excluded.default_unit;
insert into public.dish_ingredients(dish_id,ingredient_id,kind,amount,unit,display_amount,optional,sort_order) select '3',id,'seasoning',1,'勺','1勺',false,3 from public.ingredients where name='生抽' and category='seasoning';
insert into public.ingredients(name,category,default_unit) values('盐','pantry','') on conflict(name,category) do update set default_unit=excluded.default_unit;
insert into public.dish_ingredients(dish_id,ingredient_id,kind,amount,unit,display_amount,optional,sort_order) select '3',id,'seasoning',null,'','适量',false,4 from public.ingredients where name='盐' and category='pantry';
insert into public.ingredients(name,category,default_unit) values('食用油','pantry','') on conflict(name,category) do update set default_unit=excluded.default_unit;
insert into public.dish_ingredients(dish_id,ingredient_id,kind,amount,unit,display_amount,optional,sort_order) select '3',id,'seasoning',null,'','适量',false,5 from public.ingredients where name='食用油' and category='pantry';
delete from public.recipe_steps where dish_id='3';
insert into public.recipe_steps(dish_id,step_number,title,description) values('3',1,'备好食材','猪里脊、胡萝卜、木耳处理干净，按容易入口的大小切好，调料提前放在手边。');
insert into public.recipe_steps(dish_id,step_number,title,description) values('3',2,'开始烹饪','热锅放油，先处理耐熟食材，再加入其余食材快速翻炒。');
insert into public.recipe_steps(dish_id,step_number,title,description) values('3',3,'调味出锅','加入调料翻匀，尝味后微调咸淡，趁热装盘。');
insert into public.dishes(id,slug,name,category,tags,difficulty,cook_minutes,servings,description,emoji,tone,tips,video_url,featured,active) values('4','dish-04','宫保鸡丁','荤菜',array['香辣','经典']::text[],'适中',25,2,'把鸡胸肉、花生米、黄瓜做得恰到好处，是很适合两个人晚餐的一道宫保鸡丁。','🥜','red',array['食材下锅前尽量沥干水分，味道更香，也更安全。','最后尝味再补盐，避免调味过重。']::text[],'https://search.bilibili.com/all?keyword=%E5%AE%AB%E4%BF%9D%E9%B8%A1%E4%B8%81%20%E5%AE%B6%E5%B8%B8%E5%81%9A%E6%B3%95',true,true) on conflict(id) do update set slug=excluded.slug,name=excluded.name,category=excluded.category,tags=excluded.tags,difficulty=excluded.difficulty,cook_minutes=excluded.cook_minutes,servings=excluded.servings,description=excluded.description,emoji=excluded.emoji,tone=excluded.tone,tips=excluded.tips,video_url=excluded.video_url,featured=excluded.featured,active=true;
delete from public.dish_ingredients where dish_id='4';
insert into public.ingredients(name,category,default_unit) values('鸡胸肉','meat','') on conflict(name,category) do update set default_unit=excluded.default_unit;
insert into public.dish_ingredients(dish_id,ingredient_id,kind,amount,unit,display_amount,optional,sort_order) select '4',id,'ingredient',null,'','300克',false,0 from public.ingredients where name='鸡胸肉' and category='meat';
insert into public.ingredients(name,category,default_unit) values('花生米','staple','') on conflict(name,category) do update set default_unit=excluded.default_unit;
insert into public.dish_ingredients(dish_id,ingredient_id,kind,amount,unit,display_amount,optional,sort_order) select '4',id,'ingredient',null,'','1小碗',false,1 from public.ingredients where name='花生米' and category='staple';
insert into public.ingredients(name,category,default_unit) values('黄瓜','vegetable','') on conflict(name,category) do update set default_unit=excluded.default_unit;
insert into public.dish_ingredients(dish_id,ingredient_id,kind,amount,unit,display_amount,optional,sort_order) select '4',id,'ingredient',null,'','半根',false,2 from public.ingredients where name='黄瓜' and category='vegetable';
insert into public.ingredients(name,category,default_unit) values('生抽','seasoning','勺') on conflict(name,category) do update set default_unit=excluded.default_unit;
insert into public.dish_ingredients(dish_id,ingredient_id,kind,amount,unit,display_amount,optional,sort_order) select '4',id,'seasoning',1,'勺','1勺',false,3 from public.ingredients where name='生抽' and category='seasoning';
insert into public.ingredients(name,category,default_unit) values('盐','pantry','') on conflict(name,category) do update set default_unit=excluded.default_unit;
insert into public.dish_ingredients(dish_id,ingredient_id,kind,amount,unit,display_amount,optional,sort_order) select '4',id,'seasoning',null,'','适量',false,4 from public.ingredients where name='盐' and category='pantry';
insert into public.ingredients(name,category,default_unit) values('食用油','pantry','') on conflict(name,category) do update set default_unit=excluded.default_unit;
insert into public.dish_ingredients(dish_id,ingredient_id,kind,amount,unit,display_amount,optional,sort_order) select '4',id,'seasoning',null,'','适量',false,5 from public.ingredients where name='食用油' and category='pantry';
delete from public.recipe_steps where dish_id='4';
insert into public.recipe_steps(dish_id,step_number,title,description) values('4',1,'备好食材','鸡胸肉、花生米、黄瓜处理干净，按容易入口的大小切好，调料提前放在手边。');
insert into public.recipe_steps(dish_id,step_number,title,description) values('4',2,'开始烹饪','热锅放油，先处理耐熟食材，再加入其余食材快速翻炒。');
insert into public.recipe_steps(dish_id,step_number,title,description) values('4',3,'调味出锅','加入调料翻匀，尝味后微调咸淡，趁热装盘。');
insert into public.dishes(id,slug,name,category,tags,difficulty,cook_minutes,servings,description,emoji,tone,tips,video_url,featured,active) values('5','dish-05','可乐鸡翅','荤菜',array['甜香','人气']::text[],'简单',35,2,'把鸡中翅、可乐做得恰到好处，是很适合两个人晚餐的一道可乐鸡翅。','🍗','brown',array['食材下锅前尽量沥干水分，味道更香，也更安全。','最后尝味再补盐，避免调味过重。']::text[],'https://search.bilibili.com/all?keyword=%E5%8F%AF%E4%B9%90%E9%B8%A1%E7%BF%85%20%E5%AE%B6%E5%B8%B8%E5%81%9A%E6%B3%95',true,true) on conflict(id) do update set slug=excluded.slug,name=excluded.name,category=excluded.category,tags=excluded.tags,difficulty=excluded.difficulty,cook_minutes=excluded.cook_minutes,servings=excluded.servings,description=excluded.description,emoji=excluded.emoji,tone=excluded.tone,tips=excluded.tips,video_url=excluded.video_url,featured=excluded.featured,active=true;
delete from public.dish_ingredients where dish_id='5';
insert into public.ingredients(name,category,default_unit) values('鸡中翅','meat','') on conflict(name,category) do update set default_unit=excluded.default_unit;
insert into public.dish_ingredients(dish_id,ingredient_id,kind,amount,unit,display_amount,optional,sort_order) select '5',id,'ingredient',null,'','10个',false,0 from public.ingredients where name='鸡中翅' and category='meat';
insert into public.ingredients(name,category,default_unit) values('可乐','staple','') on conflict(name,category) do update set default_unit=excluded.default_unit;
insert into public.dish_ingredients(dish_id,ingredient_id,kind,amount,unit,display_amount,optional,sort_order) select '5',id,'ingredient',null,'','1罐',false,1 from public.ingredients where name='可乐' and category='staple';
insert into public.ingredients(name,category,default_unit) values('生抽','seasoning','勺') on conflict(name,category) do update set default_unit=excluded.default_unit;
insert into public.dish_ingredients(dish_id,ingredient_id,kind,amount,unit,display_amount,optional,sort_order) select '5',id,'seasoning',1,'勺','1勺',false,2 from public.ingredients where name='生抽' and category='seasoning';
insert into public.ingredients(name,category,default_unit) values('盐','pantry','') on conflict(name,category) do update set default_unit=excluded.default_unit;
insert into public.dish_ingredients(dish_id,ingredient_id,kind,amount,unit,display_amount,optional,sort_order) select '5',id,'seasoning',null,'','适量',false,3 from public.ingredients where name='盐' and category='pantry';
insert into public.ingredients(name,category,default_unit) values('食用油','pantry','') on conflict(name,category) do update set default_unit=excluded.default_unit;
insert into public.dish_ingredients(dish_id,ingredient_id,kind,amount,unit,display_amount,optional,sort_order) select '5',id,'seasoning',null,'','适量',false,4 from public.ingredients where name='食用油' and category='pantry';
delete from public.recipe_steps where dish_id='5';
insert into public.recipe_steps(dish_id,step_number,title,description) values('5',1,'备好食材','鸡中翅、可乐处理干净，按容易入口的大小切好，调料提前放在手边。');
insert into public.recipe_steps(dish_id,step_number,title,description) values('5',2,'开始烹饪','热锅放油，先处理耐熟食材，再加入其余食材快速翻炒。');
insert into public.recipe_steps(dish_id,step_number,title,description) values('5',3,'调味出锅','加入调料翻匀，尝味后微调咸淡，趁热装盘。');
insert into public.dishes(id,slug,name,category,tags,difficulty,cook_minutes,servings,description,emoji,tone,tips,video_url,featured,active) values('6','dish-06','土豆烧牛肉','荤菜',array['炖菜','暖胃']::text[],'适中',70,2,'把牛腩、土豆做得恰到好处，是很适合两个人晚餐的一道土豆烧牛肉。','🥔','amber',array['食材下锅前尽量沥干水分，味道更香，也更安全。','最后尝味再补盐，避免调味过重。']::text[],'https://search.bilibili.com/all?keyword=%E5%9C%9F%E8%B1%86%E7%83%A7%E7%89%9B%E8%82%89%20%E5%AE%B6%E5%B8%B8%E5%81%9A%E6%B3%95',false,true) on conflict(id) do update set slug=excluded.slug,name=excluded.name,category=excluded.category,tags=excluded.tags,difficulty=excluded.difficulty,cook_minutes=excluded.cook_minutes,servings=excluded.servings,description=excluded.description,emoji=excluded.emoji,tone=excluded.tone,tips=excluded.tips,video_url=excluded.video_url,featured=excluded.featured,active=true;
delete from public.dish_ingredients where dish_id='6';
insert into public.ingredients(name,category,default_unit) values('牛腩','meat','') on conflict(name,category) do update set default_unit=excluded.default_unit;
insert into public.dish_ingredients(dish_id,ingredient_id,kind,amount,unit,display_amount,optional,sort_order) select '6',id,'ingredient',null,'','400克',false,0 from public.ingredients where name='牛腩' and category='meat';
insert into public.ingredients(name,category,default_unit) values('土豆','vegetable','') on conflict(name,category) do update set default_unit=excluded.default_unit;
insert into public.dish_ingredients(dish_id,ingredient_id,kind,amount,unit,display_amount,optional,sort_order) select '6',id,'ingredient',null,'','2个',false,1 from public.ingredients where name='土豆' and category='vegetable';
insert into public.ingredients(name,category,default_unit) values('生抽','seasoning','勺') on conflict(name,category) do update set default_unit=excluded.default_unit;
insert into public.dish_ingredients(dish_id,ingredient_id,kind,amount,unit,display_amount,optional,sort_order) select '6',id,'seasoning',1,'勺','1勺',false,2 from public.ingredients where name='生抽' and category='seasoning';
insert into public.ingredients(name,category,default_unit) values('盐','pantry','') on conflict(name,category) do update set default_unit=excluded.default_unit;
insert into public.dish_ingredients(dish_id,ingredient_id,kind,amount,unit,display_amount,optional,sort_order) select '6',id,'seasoning',null,'','适量',false,3 from public.ingredients where name='盐' and category='pantry';
insert into public.ingredients(name,category,default_unit) values('食用油','pantry','') on conflict(name,category) do update set default_unit=excluded.default_unit;
insert into public.dish_ingredients(dish_id,ingredient_id,kind,amount,unit,display_amount,optional,sort_order) select '6',id,'seasoning',null,'','适量',false,4 from public.ingredients where name='食用油' and category='pantry';
delete from public.recipe_steps where dish_id='6';
insert into public.recipe_steps(dish_id,step_number,title,description) values('6',1,'备好食材','牛腩、土豆处理干净，按容易入口的大小切好，调料提前放在手边。');
insert into public.recipe_steps(dish_id,step_number,title,description) values('6',2,'开始烹饪','热锅放油，先处理耐熟食材，再加入其余食材快速翻炒。');
insert into public.recipe_steps(dish_id,step_number,title,description) values('6',3,'调味出锅','加入调料翻匀，尝味后微调咸淡，趁热装盘。');
insert into public.dishes(id,slug,name,category,tags,difficulty,cook_minutes,servings,description,emoji,tone,tips,video_url,featured,active) values('7','dish-07','红烧排骨','荤菜',array['浓香','硬菜']::text[],'适中',60,2,'把排骨做得恰到好处，是很适合两个人晚餐的一道红烧排骨。','🍖','red',array['食材下锅前尽量沥干水分，味道更香，也更安全。','最后尝味再补盐，避免调味过重。']::text[],'https://search.bilibili.com/all?keyword=%E7%BA%A2%E7%83%A7%E6%8E%92%E9%AA%A8%20%E5%AE%B6%E5%B8%B8%E5%81%9A%E6%B3%95',false,true) on conflict(id) do update set slug=excluded.slug,name=excluded.name,category=excluded.category,tags=excluded.tags,difficulty=excluded.difficulty,cook_minutes=excluded.cook_minutes,servings=excluded.servings,description=excluded.description,emoji=excluded.emoji,tone=excluded.tone,tips=excluded.tips,video_url=excluded.video_url,featured=excluded.featured,active=true;
delete from public.dish_ingredients where dish_id='7';
insert into public.ingredients(name,category,default_unit) values('排骨','meat','') on conflict(name,category) do update set default_unit=excluded.default_unit;
insert into public.dish_ingredients(dish_id,ingredient_id,kind,amount,unit,display_amount,optional,sort_order) select '7',id,'ingredient',null,'','500克',false,0 from public.ingredients where name='排骨' and category='meat';
insert into public.ingredients(name,category,default_unit) values('生抽','seasoning','勺') on conflict(name,category) do update set default_unit=excluded.default_unit;
insert into public.dish_ingredients(dish_id,ingredient_id,kind,amount,unit,display_amount,optional,sort_order) select '7',id,'seasoning',1,'勺','1勺',false,1 from public.ingredients where name='生抽' and category='seasoning';
insert into public.ingredients(name,category,default_unit) values('盐','pantry','') on conflict(name,category) do update set default_unit=excluded.default_unit;
insert into public.dish_ingredients(dish_id,ingredient_id,kind,amount,unit,display_amount,optional,sort_order) select '7',id,'seasoning',null,'','适量',false,2 from public.ingredients where name='盐' and category='pantry';
insert into public.ingredients(name,category,default_unit) values('食用油','pantry','') on conflict(name,category) do update set default_unit=excluded.default_unit;
insert into public.dish_ingredients(dish_id,ingredient_id,kind,amount,unit,display_amount,optional,sort_order) select '7',id,'seasoning',null,'','适量',false,3 from public.ingredients where name='食用油' and category='pantry';
delete from public.recipe_steps where dish_id='7';
insert into public.recipe_steps(dish_id,step_number,title,description) values('7',1,'备好食材','排骨处理干净，按容易入口的大小切好，调料提前放在手边。');
insert into public.recipe_steps(dish_id,step_number,title,description) values('7',2,'开始烹饪','热锅放油，先处理耐熟食材，再加入其余食材快速翻炒。');
insert into public.recipe_steps(dish_id,step_number,title,description) values('7',3,'调味出锅','加入调料翻匀，尝味后微调咸淡，趁热装盘。');
insert into public.dishes(id,slug,name,category,tags,difficulty,cook_minutes,servings,description,emoji,tone,tips,video_url,featured,active) values('8','dish-08','糖醋里脊','荤菜',array['酸甜','酥香']::text[],'进阶',40,2,'把猪里脊做得恰到好处，是很适合两个人晚餐的一道糖醋里脊。','🥩','coral',array['食材下锅前尽量沥干水分，味道更香，也更安全。','最后尝味再补盐，避免调味过重。']::text[],'https://search.bilibili.com/all?keyword=%E7%B3%96%E9%86%8B%E9%87%8C%E8%84%8A%20%E5%AE%B6%E5%B8%B8%E5%81%9A%E6%B3%95',false,true) on conflict(id) do update set slug=excluded.slug,name=excluded.name,category=excluded.category,tags=excluded.tags,difficulty=excluded.difficulty,cook_minutes=excluded.cook_minutes,servings=excluded.servings,description=excluded.description,emoji=excluded.emoji,tone=excluded.tone,tips=excluded.tips,video_url=excluded.video_url,featured=excluded.featured,active=true;
delete from public.dish_ingredients where dish_id='8';
insert into public.ingredients(name,category,default_unit) values('猪里脊','meat','') on conflict(name,category) do update set default_unit=excluded.default_unit;
insert into public.dish_ingredients(dish_id,ingredient_id,kind,amount,unit,display_amount,optional,sort_order) select '8',id,'ingredient',null,'','350克',false,0 from public.ingredients where name='猪里脊' and category='meat';
insert into public.ingredients(name,category,default_unit) values('生抽','seasoning','勺') on conflict(name,category) do update set default_unit=excluded.default_unit;
insert into public.dish_ingredients(dish_id,ingredient_id,kind,amount,unit,display_amount,optional,sort_order) select '8',id,'seasoning',1,'勺','1勺',false,1 from public.ingredients where name='生抽' and category='seasoning';
insert into public.ingredients(name,category,default_unit) values('盐','pantry','') on conflict(name,category) do update set default_unit=excluded.default_unit;
insert into public.dish_ingredients(dish_id,ingredient_id,kind,amount,unit,display_amount,optional,sort_order) select '8',id,'seasoning',null,'','适量',false,2 from public.ingredients where name='盐' and category='pantry';
insert into public.ingredients(name,category,default_unit) values('食用油','pantry','') on conflict(name,category) do update set default_unit=excluded.default_unit;
insert into public.dish_ingredients(dish_id,ingredient_id,kind,amount,unit,display_amount,optional,sort_order) select '8',id,'seasoning',null,'','适量',false,3 from public.ingredients where name='食用油' and category='pantry';
delete from public.recipe_steps where dish_id='8';
insert into public.recipe_steps(dish_id,step_number,title,description) values('8',1,'备好食材','猪里脊处理干净，按容易入口的大小切好，调料提前放在手边。');
insert into public.recipe_steps(dish_id,step_number,title,description) values('8',2,'开始烹饪','热锅放油，先处理耐熟食材，再加入其余食材快速翻炒。');
insert into public.recipe_steps(dish_id,step_number,title,description) values('8',3,'调味出锅','加入调料翻匀，尝味后微调咸淡，趁热装盘。');
insert into public.dishes(id,slug,name,category,tags,difficulty,cook_minutes,servings,description,emoji,tone,tips,video_url,featured,active) values('9','dish-09','回锅肉','荤菜',array['川味','下饭']::text[],'适中',35,2,'把五花肉、青蒜做得恰到好处，是很适合两个人晚餐的一道回锅肉。','🌶️','red',array['食材下锅前尽量沥干水分，味道更香，也更安全。','最后尝味再补盐，避免调味过重。']::text[],'https://search.bilibili.com/all?keyword=%E5%9B%9E%E9%94%85%E8%82%89%20%E5%AE%B6%E5%B8%B8%E5%81%9A%E6%B3%95',false,true) on conflict(id) do update set slug=excluded.slug,name=excluded.name,category=excluded.category,tags=excluded.tags,difficulty=excluded.difficulty,cook_minutes=excluded.cook_minutes,servings=excluded.servings,description=excluded.description,emoji=excluded.emoji,tone=excluded.tone,tips=excluded.tips,video_url=excluded.video_url,featured=excluded.featured,active=true;
delete from public.dish_ingredients where dish_id='9';
insert into public.ingredients(name,category,default_unit) values('五花肉','meat','') on conflict(name,category) do update set default_unit=excluded.default_unit;
insert into public.dish_ingredients(dish_id,ingredient_id,kind,amount,unit,display_amount,optional,sort_order) select '9',id,'ingredient',null,'','350克',false,0 from public.ingredients where name='五花肉' and category='meat';
insert into public.ingredients(name,category,default_unit) values('青蒜','vegetable','') on conflict(name,category) do update set default_unit=excluded.default_unit;
insert into public.dish_ingredients(dish_id,ingredient_id,kind,amount,unit,display_amount,optional,sort_order) select '9',id,'ingredient',null,'','3根',false,1 from public.ingredients where name='青蒜' and category='vegetable';
insert into public.ingredients(name,category,default_unit) values('生抽','seasoning','勺') on conflict(name,category) do update set default_unit=excluded.default_unit;
insert into public.dish_ingredients(dish_id,ingredient_id,kind,amount,unit,display_amount,optional,sort_order) select '9',id,'seasoning',1,'勺','1勺',false,2 from public.ingredients where name='生抽' and category='seasoning';
insert into public.ingredients(name,category,default_unit) values('盐','pantry','') on conflict(name,category) do update set default_unit=excluded.default_unit;
insert into public.dish_ingredients(dish_id,ingredient_id,kind,amount,unit,display_amount,optional,sort_order) select '9',id,'seasoning',null,'','适量',false,3 from public.ingredients where name='盐' and category='pantry';
insert into public.ingredients(name,category,default_unit) values('食用油','pantry','') on conflict(name,category) do update set default_unit=excluded.default_unit;
insert into public.dish_ingredients(dish_id,ingredient_id,kind,amount,unit,display_amount,optional,sort_order) select '9',id,'seasoning',null,'','适量',false,4 from public.ingredients where name='食用油' and category='pantry';
delete from public.recipe_steps where dish_id='9';
insert into public.recipe_steps(dish_id,step_number,title,description) values('9',1,'备好食材','五花肉、青蒜处理干净，按容易入口的大小切好，调料提前放在手边。');
insert into public.recipe_steps(dish_id,step_number,title,description) values('9',2,'开始烹饪','热锅放油，先处理耐熟食材，再加入其余食材快速翻炒。');
insert into public.recipe_steps(dish_id,step_number,title,description) values('9',3,'调味出锅','加入调料翻匀，尝味后微调咸淡，趁热装盘。');
insert into public.dishes(id,slug,name,category,tags,difficulty,cook_minutes,servings,description,emoji,tone,tips,video_url,featured,active) values('10','dish-10','蒜薹炒肉','荤菜',array['家常','快炒']::text[],'简单',25,2,'把蒜薹、猪肉做得恰到好处，是很适合两个人晚餐的一道蒜薹炒肉。','🥬','green',array['食材下锅前尽量沥干水分，味道更香，也更安全。','最后尝味再补盐，避免调味过重。']::text[],'https://search.bilibili.com/all?keyword=%E8%92%9C%E8%96%B9%E7%82%92%E8%82%89%20%E5%AE%B6%E5%B8%B8%E5%81%9A%E6%B3%95',false,true) on conflict(id) do update set slug=excluded.slug,name=excluded.name,category=excluded.category,tags=excluded.tags,difficulty=excluded.difficulty,cook_minutes=excluded.cook_minutes,servings=excluded.servings,description=excluded.description,emoji=excluded.emoji,tone=excluded.tone,tips=excluded.tips,video_url=excluded.video_url,featured=excluded.featured,active=true;
delete from public.dish_ingredients where dish_id='10';
insert into public.ingredients(name,category,default_unit) values('蒜薹','vegetable','') on conflict(name,category) do update set default_unit=excluded.default_unit;
insert into public.dish_ingredients(dish_id,ingredient_id,kind,amount,unit,display_amount,optional,sort_order) select '10',id,'ingredient',null,'','300克',false,0 from public.ingredients where name='蒜薹' and category='vegetable';
insert into public.ingredients(name,category,default_unit) values('猪肉','meat','') on conflict(name,category) do update set default_unit=excluded.default_unit;
insert into public.dish_ingredients(dish_id,ingredient_id,kind,amount,unit,display_amount,optional,sort_order) select '10',id,'ingredient',null,'','200克',false,1 from public.ingredients where name='猪肉' and category='meat';
insert into public.ingredients(name,category,default_unit) values('生抽','seasoning','勺') on conflict(name,category) do update set default_unit=excluded.default_unit;
insert into public.dish_ingredients(dish_id,ingredient_id,kind,amount,unit,display_amount,optional,sort_order) select '10',id,'seasoning',1,'勺','1勺',false,2 from public.ingredients where name='生抽' and category='seasoning';
insert into public.ingredients(name,category,default_unit) values('盐','pantry','') on conflict(name,category) do update set default_unit=excluded.default_unit;
insert into public.dish_ingredients(dish_id,ingredient_id,kind,amount,unit,display_amount,optional,sort_order) select '10',id,'seasoning',null,'','适量',false,3 from public.ingredients where name='盐' and category='pantry';
insert into public.ingredients(name,category,default_unit) values('食用油','pantry','') on conflict(name,category) do update set default_unit=excluded.default_unit;
insert into public.dish_ingredients(dish_id,ingredient_id,kind,amount,unit,display_amount,optional,sort_order) select '10',id,'seasoning',null,'','适量',false,4 from public.ingredients where name='食用油' and category='pantry';
delete from public.recipe_steps where dish_id='10';
insert into public.recipe_steps(dish_id,step_number,title,description) values('10',1,'备好食材','蒜薹、猪肉处理干净，按容易入口的大小切好，调料提前放在手边。');
insert into public.recipe_steps(dish_id,step_number,title,description) values('10',2,'开始烹饪','热锅放油，先处理耐熟食材，再加入其余食材快速翻炒。');
insert into public.recipe_steps(dish_id,step_number,title,description) values('10',3,'调味出锅','加入调料翻匀，尝味后微调咸淡，趁热装盘。');
insert into public.dishes(id,slug,name,category,tags,difficulty,cook_minutes,servings,description,emoji,tone,tips,video_url,featured,active) values('11','dish-11','香菇滑鸡','荤菜',array['鲜香','嫩滑']::text[],'简单',35,2,'把鸡腿肉、香菇做得恰到好处，是很适合两个人晚餐的一道香菇滑鸡。','🍄','brown',array['食材下锅前尽量沥干水分，味道更香，也更安全。','最后尝味再补盐，避免调味过重。']::text[],'https://search.bilibili.com/all?keyword=%E9%A6%99%E8%8F%87%E6%BB%91%E9%B8%A1%20%E5%AE%B6%E5%B8%B8%E5%81%9A%E6%B3%95',false,true) on conflict(id) do update set slug=excluded.slug,name=excluded.name,category=excluded.category,tags=excluded.tags,difficulty=excluded.difficulty,cook_minutes=excluded.cook_minutes,servings=excluded.servings,description=excluded.description,emoji=excluded.emoji,tone=excluded.tone,tips=excluded.tips,video_url=excluded.video_url,featured=excluded.featured,active=true;
delete from public.dish_ingredients where dish_id='11';
insert into public.ingredients(name,category,default_unit) values('鸡腿肉','meat','') on conflict(name,category) do update set default_unit=excluded.default_unit;
insert into public.dish_ingredients(dish_id,ingredient_id,kind,amount,unit,display_amount,optional,sort_order) select '11',id,'ingredient',null,'','350克',false,0 from public.ingredients where name='鸡腿肉' and category='meat';
insert into public.ingredients(name,category,default_unit) values('香菇','vegetable','') on conflict(name,category) do update set default_unit=excluded.default_unit;
insert into public.dish_ingredients(dish_id,ingredient_id,kind,amount,unit,display_amount,optional,sort_order) select '11',id,'ingredient',null,'','8朵',false,1 from public.ingredients where name='香菇' and category='vegetable';
insert into public.ingredients(name,category,default_unit) values('生抽','seasoning','勺') on conflict(name,category) do update set default_unit=excluded.default_unit;
insert into public.dish_ingredients(dish_id,ingredient_id,kind,amount,unit,display_amount,optional,sort_order) select '11',id,'seasoning',1,'勺','1勺',false,2 from public.ingredients where name='生抽' and category='seasoning';
insert into public.ingredients(name,category,default_unit) values('盐','pantry','') on conflict(name,category) do update set default_unit=excluded.default_unit;
insert into public.dish_ingredients(dish_id,ingredient_id,kind,amount,unit,display_amount,optional,sort_order) select '11',id,'seasoning',null,'','适量',false,3 from public.ingredients where name='盐' and category='pantry';
insert into public.ingredients(name,category,default_unit) values('食用油','pantry','') on conflict(name,category) do update set default_unit=excluded.default_unit;
insert into public.dish_ingredients(dish_id,ingredient_id,kind,amount,unit,display_amount,optional,sort_order) select '11',id,'seasoning',null,'','适量',false,4 from public.ingredients where name='食用油' and category='pantry';
delete from public.recipe_steps where dish_id='11';
insert into public.recipe_steps(dish_id,step_number,title,description) values('11',1,'备好食材','鸡腿肉、香菇处理干净，按容易入口的大小切好，调料提前放在手边。');
insert into public.recipe_steps(dish_id,step_number,title,description) values('11',2,'开始烹饪','热锅放油，先处理耐熟食材，再加入其余食材快速翻炒。');
insert into public.recipe_steps(dish_id,step_number,title,description) values('11',3,'调味出锅','加入调料翻匀，尝味后微调咸淡，趁热装盘。');
insert into public.dishes(id,slug,name,category,tags,difficulty,cook_minutes,servings,description,emoji,tone,tips,video_url,featured,active) values('12','dish-12','黑椒牛柳','荤菜',array['黑椒','快炒']::text[],'适中',25,2,'把牛里脊、彩椒做得恰到好处，是很适合两个人晚餐的一道黑椒牛柳。','🥩','brown',array['食材下锅前尽量沥干水分，味道更香，也更安全。','最后尝味再补盐，避免调味过重。']::text[],'https://search.bilibili.com/all?keyword=%E9%BB%91%E6%A4%92%E7%89%9B%E6%9F%B3%20%E5%AE%B6%E5%B8%B8%E5%81%9A%E6%B3%95',false,true) on conflict(id) do update set slug=excluded.slug,name=excluded.name,category=excluded.category,tags=excluded.tags,difficulty=excluded.difficulty,cook_minutes=excluded.cook_minutes,servings=excluded.servings,description=excluded.description,emoji=excluded.emoji,tone=excluded.tone,tips=excluded.tips,video_url=excluded.video_url,featured=excluded.featured,active=true;
delete from public.dish_ingredients where dish_id='12';
insert into public.ingredients(name,category,default_unit) values('牛里脊','meat','') on conflict(name,category) do update set default_unit=excluded.default_unit;
insert into public.dish_ingredients(dish_id,ingredient_id,kind,amount,unit,display_amount,optional,sort_order) select '12',id,'ingredient',null,'','300克',false,0 from public.ingredients where name='牛里脊' and category='meat';
insert into public.ingredients(name,category,default_unit) values('彩椒','vegetable','') on conflict(name,category) do update set default_unit=excluded.default_unit;
insert into public.dish_ingredients(dish_id,ingredient_id,kind,amount,unit,display_amount,optional,sort_order) select '12',id,'ingredient',null,'','2个',false,1 from public.ingredients where name='彩椒' and category='vegetable';
insert into public.ingredients(name,category,default_unit) values('生抽','seasoning','勺') on conflict(name,category) do update set default_unit=excluded.default_unit;
insert into public.dish_ingredients(dish_id,ingredient_id,kind,amount,unit,display_amount,optional,sort_order) select '12',id,'seasoning',1,'勺','1勺',false,2 from public.ingredients where name='生抽' and category='seasoning';
insert into public.ingredients(name,category,default_unit) values('盐','pantry','') on conflict(name,category) do update set default_unit=excluded.default_unit;
insert into public.dish_ingredients(dish_id,ingredient_id,kind,amount,unit,display_amount,optional,sort_order) select '12',id,'seasoning',null,'','适量',false,3 from public.ingredients where name='盐' and category='pantry';
insert into public.ingredients(name,category,default_unit) values('食用油','pantry','') on conflict(name,category) do update set default_unit=excluded.default_unit;
insert into public.dish_ingredients(dish_id,ingredient_id,kind,amount,unit,display_amount,optional,sort_order) select '12',id,'seasoning',null,'','适量',false,4 from public.ingredients where name='食用油' and category='pantry';
delete from public.recipe_steps where dish_id='12';
insert into public.recipe_steps(dish_id,step_number,title,description) values('12',1,'备好食材','牛里脊、彩椒处理干净，按容易入口的大小切好，调料提前放在手边。');
insert into public.recipe_steps(dish_id,step_number,title,description) values('12',2,'开始烹饪','热锅放油，先处理耐熟食材，再加入其余食材快速翻炒。');
insert into public.recipe_steps(dish_id,step_number,title,description) values('12',3,'调味出锅','加入调料翻匀，尝味后微调咸淡，趁热装盘。');
insert into public.dishes(id,slug,name,category,tags,difficulty,cook_minutes,servings,description,emoji,tone,tips,video_url,featured,active) values('13','dish-13','麻婆豆腐','快手菜',array['麻辣','下饭']::text[],'简单',25,2,'把嫩豆腐、肉末做得恰到好处，是很适合两个人晚餐的一道麻婆豆腐。','🌶️','red',array['食材下锅前尽量沥干水分，味道更香，也更安全。','最后尝味再补盐，避免调味过重。']::text[],'https://search.bilibili.com/all?keyword=%E9%BA%BB%E5%A9%86%E8%B1%86%E8%85%90%20%E5%AE%B6%E5%B8%B8%E5%81%9A%E6%B3%95',true,true) on conflict(id) do update set slug=excluded.slug,name=excluded.name,category=excluded.category,tags=excluded.tags,difficulty=excluded.difficulty,cook_minutes=excluded.cook_minutes,servings=excluded.servings,description=excluded.description,emoji=excluded.emoji,tone=excluded.tone,tips=excluded.tips,video_url=excluded.video_url,featured=excluded.featured,active=true;
delete from public.dish_ingredients where dish_id='13';
insert into public.ingredients(name,category,default_unit) values('嫩豆腐','staple','') on conflict(name,category) do update set default_unit=excluded.default_unit;
insert into public.dish_ingredients(dish_id,ingredient_id,kind,amount,unit,display_amount,optional,sort_order) select '13',id,'ingredient',null,'','1盒',false,0 from public.ingredients where name='嫩豆腐' and category='staple';
insert into public.ingredients(name,category,default_unit) values('肉末','meat','') on conflict(name,category) do update set default_unit=excluded.default_unit;
insert into public.dish_ingredients(dish_id,ingredient_id,kind,amount,unit,display_amount,optional,sort_order) select '13',id,'ingredient',null,'','100克',false,1 from public.ingredients where name='肉末' and category='meat';
insert into public.ingredients(name,category,default_unit) values('生抽','seasoning','勺') on conflict(name,category) do update set default_unit=excluded.default_unit;
insert into public.dish_ingredients(dish_id,ingredient_id,kind,amount,unit,display_amount,optional,sort_order) select '13',id,'seasoning',1,'勺','1勺',false,2 from public.ingredients where name='生抽' and category='seasoning';
insert into public.ingredients(name,category,default_unit) values('盐','pantry','') on conflict(name,category) do update set default_unit=excluded.default_unit;
insert into public.dish_ingredients(dish_id,ingredient_id,kind,amount,unit,display_amount,optional,sort_order) select '13',id,'seasoning',null,'','适量',false,3 from public.ingredients where name='盐' and category='pantry';
insert into public.ingredients(name,category,default_unit) values('食用油','pantry','') on conflict(name,category) do update set default_unit=excluded.default_unit;
insert into public.dish_ingredients(dish_id,ingredient_id,kind,amount,unit,display_amount,optional,sort_order) select '13',id,'seasoning',null,'','适量',false,4 from public.ingredients where name='食用油' and category='pantry';
delete from public.recipe_steps where dish_id='13';
insert into public.recipe_steps(dish_id,step_number,title,description) values('13',1,'备好食材','嫩豆腐、肉末处理干净，按容易入口的大小切好，调料提前放在手边。');
insert into public.recipe_steps(dish_id,step_number,title,description) values('13',2,'开始烹饪','热锅放油，先处理耐熟食材，再加入其余食材快速翻炒。');
insert into public.recipe_steps(dish_id,step_number,title,description) values('13',3,'调味出锅','加入调料翻匀，尝味后微调咸淡，趁热装盘。');
insert into public.dishes(id,slug,name,category,tags,difficulty,cook_minutes,servings,description,emoji,tone,tips,video_url,featured,active) values('14','dish-14','家常豆腐','素菜',array['家常','豆香']::text[],'简单',25,2,'把老豆腐、青椒、木耳做得恰到好处，是很适合两个人晚餐的一道家常豆腐。','🥡','amber',array['食材下锅前尽量沥干水分，味道更香，也更安全。','最后尝味再补盐，避免调味过重。']::text[],'https://search.bilibili.com/all?keyword=%E5%AE%B6%E5%B8%B8%E8%B1%86%E8%85%90%20%E5%AE%B6%E5%B8%B8%E5%81%9A%E6%B3%95',false,true) on conflict(id) do update set slug=excluded.slug,name=excluded.name,category=excluded.category,tags=excluded.tags,difficulty=excluded.difficulty,cook_minutes=excluded.cook_minutes,servings=excluded.servings,description=excluded.description,emoji=excluded.emoji,tone=excluded.tone,tips=excluded.tips,video_url=excluded.video_url,featured=excluded.featured,active=true;
delete from public.dish_ingredients where dish_id='14';
insert into public.ingredients(name,category,default_unit) values('老豆腐','staple','') on conflict(name,category) do update set default_unit=excluded.default_unit;
insert into public.dish_ingredients(dish_id,ingredient_id,kind,amount,unit,display_amount,optional,sort_order) select '14',id,'ingredient',null,'','1块',false,0 from public.ingredients where name='老豆腐' and category='staple';
insert into public.ingredients(name,category,default_unit) values('青椒','vegetable','') on conflict(name,category) do update set default_unit=excluded.default_unit;
insert into public.dish_ingredients(dish_id,ingredient_id,kind,amount,unit,display_amount,optional,sort_order) select '14',id,'ingredient',null,'','1个',false,1 from public.ingredients where name='青椒' and category='vegetable';
insert into public.ingredients(name,category,default_unit) values('木耳','vegetable','') on conflict(name,category) do update set default_unit=excluded.default_unit;
insert into public.dish_ingredients(dish_id,ingredient_id,kind,amount,unit,display_amount,optional,sort_order) select '14',id,'ingredient',null,'','1小把',false,2 from public.ingredients where name='木耳' and category='vegetable';
insert into public.ingredients(name,category,default_unit) values('生抽','seasoning','勺') on conflict(name,category) do update set default_unit=excluded.default_unit;
insert into public.dish_ingredients(dish_id,ingredient_id,kind,amount,unit,display_amount,optional,sort_order) select '14',id,'seasoning',1,'勺','1勺',false,3 from public.ingredients where name='生抽' and category='seasoning';
insert into public.ingredients(name,category,default_unit) values('盐','pantry','') on conflict(name,category) do update set default_unit=excluded.default_unit;
insert into public.dish_ingredients(dish_id,ingredient_id,kind,amount,unit,display_amount,optional,sort_order) select '14',id,'seasoning',null,'','适量',false,4 from public.ingredients where name='盐' and category='pantry';
insert into public.ingredients(name,category,default_unit) values('食用油','pantry','') on conflict(name,category) do update set default_unit=excluded.default_unit;
insert into public.dish_ingredients(dish_id,ingredient_id,kind,amount,unit,display_amount,optional,sort_order) select '14',id,'seasoning',null,'','适量',false,5 from public.ingredients where name='食用油' and category='pantry';
delete from public.recipe_steps where dish_id='14';
insert into public.recipe_steps(dish_id,step_number,title,description) values('14',1,'备好食材','老豆腐、青椒、木耳处理干净，按容易入口的大小切好，调料提前放在手边。');
insert into public.recipe_steps(dish_id,step_number,title,description) values('14',2,'开始烹饪','热锅放油，先处理耐熟食材，再加入其余食材快速翻炒。');
insert into public.recipe_steps(dish_id,step_number,title,description) values('14',3,'调味出锅','加入调料翻匀，尝味后微调咸淡，趁热装盘。');
insert into public.dishes(id,slug,name,category,tags,difficulty,cook_minutes,servings,description,emoji,tone,tips,video_url,featured,active) values('15','dish-15','地三鲜','素菜',array['东北味','下饭']::text[],'适中',25,2,'把茄子、土豆、青椒做得恰到好处，是很适合两个人晚餐的一道地三鲜。','🍆','purple',array['食材下锅前尽量沥干水分，味道更香，也更安全。','最后尝味再补盐，避免调味过重。']::text[],'https://search.bilibili.com/all?keyword=%E5%9C%B0%E4%B8%89%E9%B2%9C%20%E5%AE%B6%E5%B8%B8%E5%81%9A%E6%B3%95',false,true) on conflict(id) do update set slug=excluded.slug,name=excluded.name,category=excluded.category,tags=excluded.tags,difficulty=excluded.difficulty,cook_minutes=excluded.cook_minutes,servings=excluded.servings,description=excluded.description,emoji=excluded.emoji,tone=excluded.tone,tips=excluded.tips,video_url=excluded.video_url,featured=excluded.featured,active=true;
delete from public.dish_ingredients where dish_id='15';
insert into public.ingredients(name,category,default_unit) values('茄子','vegetable','') on conflict(name,category) do update set default_unit=excluded.default_unit;
insert into public.dish_ingredients(dish_id,ingredient_id,kind,amount,unit,display_amount,optional,sort_order) select '15',id,'ingredient',null,'','1根',false,0 from public.ingredients where name='茄子' and category='vegetable';
insert into public.ingredients(name,category,default_unit) values('土豆','vegetable','') on conflict(name,category) do update set default_unit=excluded.default_unit;
insert into public.dish_ingredients(dish_id,ingredient_id,kind,amount,unit,display_amount,optional,sort_order) select '15',id,'ingredient',null,'','1个',false,1 from public.ingredients where name='土豆' and category='vegetable';
insert into public.ingredients(name,category,default_unit) values('青椒','vegetable','') on conflict(name,category) do update set default_unit=excluded.default_unit;
insert into public.dish_ingredients(dish_id,ingredient_id,kind,amount,unit,display_amount,optional,sort_order) select '15',id,'ingredient',null,'','1个',false,2 from public.ingredients where name='青椒' and category='vegetable';
insert into public.ingredients(name,category,default_unit) values('生抽','seasoning','勺') on conflict(name,category) do update set default_unit=excluded.default_unit;
insert into public.dish_ingredients(dish_id,ingredient_id,kind,amount,unit,display_amount,optional,sort_order) select '15',id,'seasoning',1,'勺','1勺',false,3 from public.ingredients where name='生抽' and category='seasoning';
insert into public.ingredients(name,category,default_unit) values('盐','pantry','') on conflict(name,category) do update set default_unit=excluded.default_unit;
insert into public.dish_ingredients(dish_id,ingredient_id,kind,amount,unit,display_amount,optional,sort_order) select '15',id,'seasoning',null,'','适量',false,4 from public.ingredients where name='盐' and category='pantry';
insert into public.ingredients(name,category,default_unit) values('食用油','pantry','') on conflict(name,category) do update set default_unit=excluded.default_unit;
insert into public.dish_ingredients(dish_id,ingredient_id,kind,amount,unit,display_amount,optional,sort_order) select '15',id,'seasoning',null,'','适量',false,5 from public.ingredients where name='食用油' and category='pantry';
delete from public.recipe_steps where dish_id='15';
insert into public.recipe_steps(dish_id,step_number,title,description) values('15',1,'备好食材','茄子、土豆、青椒处理干净，按容易入口的大小切好，调料提前放在手边。');
insert into public.recipe_steps(dish_id,step_number,title,description) values('15',2,'开始烹饪','热锅放油，先处理耐熟食材，再加入其余食材快速翻炒。');
insert into public.recipe_steps(dish_id,step_number,title,description) values('15',3,'调味出锅','加入调料翻匀，尝味后微调咸淡，趁热装盘。');
insert into public.dishes(id,slug,name,category,tags,difficulty,cook_minutes,servings,description,emoji,tone,tips,video_url,featured,active) values('16','dish-16','干煸四季豆','素菜',array['香辣','干香']::text[],'适中',25,2,'把四季豆、肉末做得恰到好处，是很适合两个人晚餐的一道干煸四季豆。','🫛','green',array['食材下锅前尽量沥干水分，味道更香，也更安全。','最后尝味再补盐，避免调味过重。']::text[],'https://search.bilibili.com/all?keyword=%E5%B9%B2%E7%85%B8%E5%9B%9B%E5%AD%A3%E8%B1%86%20%E5%AE%B6%E5%B8%B8%E5%81%9A%E6%B3%95',false,true) on conflict(id) do update set slug=excluded.slug,name=excluded.name,category=excluded.category,tags=excluded.tags,difficulty=excluded.difficulty,cook_minutes=excluded.cook_minutes,servings=excluded.servings,description=excluded.description,emoji=excluded.emoji,tone=excluded.tone,tips=excluded.tips,video_url=excluded.video_url,featured=excluded.featured,active=true;
delete from public.dish_ingredients where dish_id='16';
insert into public.ingredients(name,category,default_unit) values('四季豆','vegetable','') on conflict(name,category) do update set default_unit=excluded.default_unit;
insert into public.dish_ingredients(dish_id,ingredient_id,kind,amount,unit,display_amount,optional,sort_order) select '16',id,'ingredient',null,'','350克',false,0 from public.ingredients where name='四季豆' and category='vegetable';
insert into public.ingredients(name,category,default_unit) values('肉末','meat','') on conflict(name,category) do update set default_unit=excluded.default_unit;
insert into public.dish_ingredients(dish_id,ingredient_id,kind,amount,unit,display_amount,optional,sort_order) select '16',id,'ingredient',null,'','80克',false,1 from public.ingredients where name='肉末' and category='meat';
insert into public.ingredients(name,category,default_unit) values('生抽','seasoning','勺') on conflict(name,category) do update set default_unit=excluded.default_unit;
insert into public.dish_ingredients(dish_id,ingredient_id,kind,amount,unit,display_amount,optional,sort_order) select '16',id,'seasoning',1,'勺','1勺',false,2 from public.ingredients where name='生抽' and category='seasoning';
insert into public.ingredients(name,category,default_unit) values('盐','pantry','') on conflict(name,category) do update set default_unit=excluded.default_unit;
insert into public.dish_ingredients(dish_id,ingredient_id,kind,amount,unit,display_amount,optional,sort_order) select '16',id,'seasoning',null,'','适量',false,3 from public.ingredients where name='盐' and category='pantry';
insert into public.ingredients(name,category,default_unit) values('食用油','pantry','') on conflict(name,category) do update set default_unit=excluded.default_unit;
insert into public.dish_ingredients(dish_id,ingredient_id,kind,amount,unit,display_amount,optional,sort_order) select '16',id,'seasoning',null,'','适量',false,4 from public.ingredients where name='食用油' and category='pantry';
delete from public.recipe_steps where dish_id='16';
insert into public.recipe_steps(dish_id,step_number,title,description) values('16',1,'备好食材','四季豆、肉末处理干净，按容易入口的大小切好，调料提前放在手边。');
insert into public.recipe_steps(dish_id,step_number,title,description) values('16',2,'开始烹饪','热锅放油，先处理耐熟食材，再加入其余食材快速翻炒。');
insert into public.recipe_steps(dish_id,step_number,title,description) values('16',3,'调味出锅','加入调料翻匀，尝味后微调咸淡，趁热装盘。');
insert into public.dishes(id,slug,name,category,tags,difficulty,cook_minutes,servings,description,emoji,tone,tips,video_url,featured,active) values('17','dish-17','蒜蓉西兰花','素菜',array['清爽','低负担']::text[],'简单',15,2,'把西兰花、蒜做得恰到好处，是很适合两个人晚餐的一道蒜蓉西兰花。','🥦','green',array['食材下锅前尽量沥干水分，味道更香，也更安全。','最后尝味再补盐，避免调味过重。']::text[],'https://search.bilibili.com/all?keyword=%E8%92%9C%E8%93%89%E8%A5%BF%E5%85%B0%E8%8A%B1%20%E5%AE%B6%E5%B8%B8%E5%81%9A%E6%B3%95',true,true) on conflict(id) do update set slug=excluded.slug,name=excluded.name,category=excluded.category,tags=excluded.tags,difficulty=excluded.difficulty,cook_minutes=excluded.cook_minutes,servings=excluded.servings,description=excluded.description,emoji=excluded.emoji,tone=excluded.tone,tips=excluded.tips,video_url=excluded.video_url,featured=excluded.featured,active=true;
delete from public.dish_ingredients where dish_id='17';
insert into public.ingredients(name,category,default_unit) values('西兰花','vegetable','') on conflict(name,category) do update set default_unit=excluded.default_unit;
insert into public.dish_ingredients(dish_id,ingredient_id,kind,amount,unit,display_amount,optional,sort_order) select '17',id,'ingredient',null,'','1颗',false,0 from public.ingredients where name='西兰花' and category='vegetable';
insert into public.ingredients(name,category,default_unit) values('蒜','vegetable','') on conflict(name,category) do update set default_unit=excluded.default_unit;
insert into public.dish_ingredients(dish_id,ingredient_id,kind,amount,unit,display_amount,optional,sort_order) select '17',id,'ingredient',null,'','5瓣',false,1 from public.ingredients where name='蒜' and category='vegetable';
insert into public.ingredients(name,category,default_unit) values('生抽','seasoning','勺') on conflict(name,category) do update set default_unit=excluded.default_unit;
insert into public.dish_ingredients(dish_id,ingredient_id,kind,amount,unit,display_amount,optional,sort_order) select '17',id,'seasoning',1,'勺','1勺',false,2 from public.ingredients where name='生抽' and category='seasoning';
insert into public.ingredients(name,category,default_unit) values('盐','pantry','') on conflict(name,category) do update set default_unit=excluded.default_unit;
insert into public.dish_ingredients(dish_id,ingredient_id,kind,amount,unit,display_amount,optional,sort_order) select '17',id,'seasoning',null,'','适量',false,3 from public.ingredients where name='盐' and category='pantry';
insert into public.ingredients(name,category,default_unit) values('食用油','pantry','') on conflict(name,category) do update set default_unit=excluded.default_unit;
insert into public.dish_ingredients(dish_id,ingredient_id,kind,amount,unit,display_amount,optional,sort_order) select '17',id,'seasoning',null,'','适量',false,4 from public.ingredients where name='食用油' and category='pantry';
delete from public.recipe_steps where dish_id='17';
insert into public.recipe_steps(dish_id,step_number,title,description) values('17',1,'备好食材','西兰花、蒜处理干净，按容易入口的大小切好，调料提前放在手边。');
insert into public.recipe_steps(dish_id,step_number,title,description) values('17',2,'开始烹饪','热锅放油，先处理耐熟食材，再加入其余食材快速翻炒。');
insert into public.recipe_steps(dish_id,step_number,title,description) values('17',3,'调味出锅','加入调料翻匀，尝味后微调咸淡，趁热装盘。');
insert into public.dishes(id,slug,name,category,tags,difficulty,cook_minutes,servings,description,emoji,tone,tips,video_url,featured,active) values('18','dish-18','清炒上海青','素菜',array['清爽','快手']::text[],'简单',12,2,'把上海青做得恰到好处，是很适合两个人晚餐的一道清炒上海青。','🥬','green',array['食材下锅前尽量沥干水分，味道更香，也更安全。','最后尝味再补盐，避免调味过重。']::text[],'https://search.bilibili.com/all?keyword=%E6%B8%85%E7%82%92%E4%B8%8A%E6%B5%B7%E9%9D%92%20%E5%AE%B6%E5%B8%B8%E5%81%9A%E6%B3%95',false,true) on conflict(id) do update set slug=excluded.slug,name=excluded.name,category=excluded.category,tags=excluded.tags,difficulty=excluded.difficulty,cook_minutes=excluded.cook_minutes,servings=excluded.servings,description=excluded.description,emoji=excluded.emoji,tone=excluded.tone,tips=excluded.tips,video_url=excluded.video_url,featured=excluded.featured,active=true;
delete from public.dish_ingredients where dish_id='18';
insert into public.ingredients(name,category,default_unit) values('上海青','vegetable','') on conflict(name,category) do update set default_unit=excluded.default_unit;
insert into public.dish_ingredients(dish_id,ingredient_id,kind,amount,unit,display_amount,optional,sort_order) select '18',id,'ingredient',null,'','400克',false,0 from public.ingredients where name='上海青' and category='vegetable';
insert into public.ingredients(name,category,default_unit) values('生抽','seasoning','勺') on conflict(name,category) do update set default_unit=excluded.default_unit;
insert into public.dish_ingredients(dish_id,ingredient_id,kind,amount,unit,display_amount,optional,sort_order) select '18',id,'seasoning',1,'勺','1勺',false,1 from public.ingredients where name='生抽' and category='seasoning';
insert into public.ingredients(name,category,default_unit) values('盐','pantry','') on conflict(name,category) do update set default_unit=excluded.default_unit;
insert into public.dish_ingredients(dish_id,ingredient_id,kind,amount,unit,display_amount,optional,sort_order) select '18',id,'seasoning',null,'','适量',false,2 from public.ingredients where name='盐' and category='pantry';
insert into public.ingredients(name,category,default_unit) values('食用油','pantry','') on conflict(name,category) do update set default_unit=excluded.default_unit;
insert into public.dish_ingredients(dish_id,ingredient_id,kind,amount,unit,display_amount,optional,sort_order) select '18',id,'seasoning',null,'','适量',false,3 from public.ingredients where name='食用油' and category='pantry';
delete from public.recipe_steps where dish_id='18';
insert into public.recipe_steps(dish_id,step_number,title,description) values('18',1,'备好食材','上海青处理干净，按容易入口的大小切好，调料提前放在手边。');
insert into public.recipe_steps(dish_id,step_number,title,description) values('18',2,'开始烹饪','热锅放油，先处理耐熟食材，再加入其余食材快速翻炒。');
insert into public.recipe_steps(dish_id,step_number,title,description) values('18',3,'调味出锅','加入调料翻匀，尝味后微调咸淡，趁热装盘。');
insert into public.dishes(id,slug,name,category,tags,difficulty,cook_minutes,servings,description,emoji,tone,tips,video_url,featured,active) values('19','dish-19','手撕包菜','素菜',array['脆爽','下饭']::text[],'简单',15,2,'把包菜、干辣椒做得恰到好处，是很适合两个人晚餐的一道手撕包菜。','🥬','green',array['食材下锅前尽量沥干水分，味道更香，也更安全。','最后尝味再补盐，避免调味过重。']::text[],'https://search.bilibili.com/all?keyword=%E6%89%8B%E6%92%95%E5%8C%85%E8%8F%9C%20%E5%AE%B6%E5%B8%B8%E5%81%9A%E6%B3%95',false,true) on conflict(id) do update set slug=excluded.slug,name=excluded.name,category=excluded.category,tags=excluded.tags,difficulty=excluded.difficulty,cook_minutes=excluded.cook_minutes,servings=excluded.servings,description=excluded.description,emoji=excluded.emoji,tone=excluded.tone,tips=excluded.tips,video_url=excluded.video_url,featured=excluded.featured,active=true;
delete from public.dish_ingredients where dish_id='19';
insert into public.ingredients(name,category,default_unit) values('包菜','vegetable','') on conflict(name,category) do update set default_unit=excluded.default_unit;
insert into public.dish_ingredients(dish_id,ingredient_id,kind,amount,unit,display_amount,optional,sort_order) select '19',id,'ingredient',null,'','半颗',false,0 from public.ingredients where name='包菜' and category='vegetable';
insert into public.ingredients(name,category,default_unit) values('干辣椒','seasoning','') on conflict(name,category) do update set default_unit=excluded.default_unit;
insert into public.dish_ingredients(dish_id,ingredient_id,kind,amount,unit,display_amount,optional,sort_order) select '19',id,'ingredient',null,'','4个',false,1 from public.ingredients where name='干辣椒' and category='seasoning';
insert into public.ingredients(name,category,default_unit) values('生抽','seasoning','勺') on conflict(name,category) do update set default_unit=excluded.default_unit;
insert into public.dish_ingredients(dish_id,ingredient_id,kind,amount,unit,display_amount,optional,sort_order) select '19',id,'seasoning',1,'勺','1勺',false,2 from public.ingredients where name='生抽' and category='seasoning';
insert into public.ingredients(name,category,default_unit) values('盐','pantry','') on conflict(name,category) do update set default_unit=excluded.default_unit;
insert into public.dish_ingredients(dish_id,ingredient_id,kind,amount,unit,display_amount,optional,sort_order) select '19',id,'seasoning',null,'','适量',false,3 from public.ingredients where name='盐' and category='pantry';
insert into public.ingredients(name,category,default_unit) values('食用油','pantry','') on conflict(name,category) do update set default_unit=excluded.default_unit;
insert into public.dish_ingredients(dish_id,ingredient_id,kind,amount,unit,display_amount,optional,sort_order) select '19',id,'seasoning',null,'','适量',false,4 from public.ingredients where name='食用油' and category='pantry';
delete from public.recipe_steps where dish_id='19';
insert into public.recipe_steps(dish_id,step_number,title,description) values('19',1,'备好食材','包菜、干辣椒处理干净，按容易入口的大小切好，调料提前放在手边。');
insert into public.recipe_steps(dish_id,step_number,title,description) values('19',2,'开始烹饪','热锅放油，先处理耐熟食材，再加入其余食材快速翻炒。');
insert into public.recipe_steps(dish_id,step_number,title,description) values('19',3,'调味出锅','加入调料翻匀，尝味后微调咸淡，趁热装盘。');
insert into public.dishes(id,slug,name,category,tags,difficulty,cook_minutes,servings,description,emoji,tone,tips,video_url,featured,active) values('20','dish-20','酸辣土豆丝','快手菜',array['酸辣','脆爽']::text[],'简单',18,2,'把土豆、青椒做得恰到好处，是很适合两个人晚餐的一道酸辣土豆丝。','🥔','amber',array['食材下锅前尽量沥干水分，味道更香，也更安全。','最后尝味再补盐，避免调味过重。']::text[],'https://search.bilibili.com/all?keyword=%E9%85%B8%E8%BE%A3%E5%9C%9F%E8%B1%86%E4%B8%9D%20%E5%AE%B6%E5%B8%B8%E5%81%9A%E6%B3%95',false,true) on conflict(id) do update set slug=excluded.slug,name=excluded.name,category=excluded.category,tags=excluded.tags,difficulty=excluded.difficulty,cook_minutes=excluded.cook_minutes,servings=excluded.servings,description=excluded.description,emoji=excluded.emoji,tone=excluded.tone,tips=excluded.tips,video_url=excluded.video_url,featured=excluded.featured,active=true;
delete from public.dish_ingredients where dish_id='20';
insert into public.ingredients(name,category,default_unit) values('土豆','vegetable','') on conflict(name,category) do update set default_unit=excluded.default_unit;
insert into public.dish_ingredients(dish_id,ingredient_id,kind,amount,unit,display_amount,optional,sort_order) select '20',id,'ingredient',null,'','2个',false,0 from public.ingredients where name='土豆' and category='vegetable';
insert into public.ingredients(name,category,default_unit) values('青椒','vegetable','') on conflict(name,category) do update set default_unit=excluded.default_unit;
insert into public.dish_ingredients(dish_id,ingredient_id,kind,amount,unit,display_amount,optional,sort_order) select '20',id,'ingredient',null,'','1个',false,1 from public.ingredients where name='青椒' and category='vegetable';
insert into public.ingredients(name,category,default_unit) values('生抽','seasoning','勺') on conflict(name,category) do update set default_unit=excluded.default_unit;
insert into public.dish_ingredients(dish_id,ingredient_id,kind,amount,unit,display_amount,optional,sort_order) select '20',id,'seasoning',1,'勺','1勺',false,2 from public.ingredients where name='生抽' and category='seasoning';
insert into public.ingredients(name,category,default_unit) values('盐','pantry','') on conflict(name,category) do update set default_unit=excluded.default_unit;
insert into public.dish_ingredients(dish_id,ingredient_id,kind,amount,unit,display_amount,optional,sort_order) select '20',id,'seasoning',null,'','适量',false,3 from public.ingredients where name='盐' and category='pantry';
insert into public.ingredients(name,category,default_unit) values('食用油','pantry','') on conflict(name,category) do update set default_unit=excluded.default_unit;
insert into public.dish_ingredients(dish_id,ingredient_id,kind,amount,unit,display_amount,optional,sort_order) select '20',id,'seasoning',null,'','适量',false,4 from public.ingredients where name='食用油' and category='pantry';
delete from public.recipe_steps where dish_id='20';
insert into public.recipe_steps(dish_id,step_number,title,description) values('20',1,'备好食材','土豆、青椒处理干净，按容易入口的大小切好，调料提前放在手边。');
insert into public.recipe_steps(dish_id,step_number,title,description) values('20',2,'开始烹饪','热锅放油，先处理耐熟食材，再加入其余食材快速翻炒。');
insert into public.recipe_steps(dish_id,step_number,title,description) values('20',3,'调味出锅','加入调料翻匀，尝味后微调咸淡，趁热装盘。');
insert into public.dishes(id,slug,name,category,tags,difficulty,cook_minutes,servings,description,emoji,tone,tips,video_url,featured,active) values('21','dish-21','蚝油生菜','素菜',array['清鲜','快手']::text[],'简单',10,2,'把生菜、蒜做得恰到好处，是很适合两个人晚餐的一道蚝油生菜。','🥬','green',array['食材下锅前尽量沥干水分，味道更香，也更安全。','最后尝味再补盐，避免调味过重。']::text[],'https://search.bilibili.com/all?keyword=%E8%9A%9D%E6%B2%B9%E7%94%9F%E8%8F%9C%20%E5%AE%B6%E5%B8%B8%E5%81%9A%E6%B3%95',false,true) on conflict(id) do update set slug=excluded.slug,name=excluded.name,category=excluded.category,tags=excluded.tags,difficulty=excluded.difficulty,cook_minutes=excluded.cook_minutes,servings=excluded.servings,description=excluded.description,emoji=excluded.emoji,tone=excluded.tone,tips=excluded.tips,video_url=excluded.video_url,featured=excluded.featured,active=true;
delete from public.dish_ingredients where dish_id='21';
insert into public.ingredients(name,category,default_unit) values('生菜','vegetable','') on conflict(name,category) do update set default_unit=excluded.default_unit;
insert into public.dish_ingredients(dish_id,ingredient_id,kind,amount,unit,display_amount,optional,sort_order) select '21',id,'ingredient',null,'','2颗',false,0 from public.ingredients where name='生菜' and category='vegetable';
insert into public.ingredients(name,category,default_unit) values('蒜','vegetable','') on conflict(name,category) do update set default_unit=excluded.default_unit;
insert into public.dish_ingredients(dish_id,ingredient_id,kind,amount,unit,display_amount,optional,sort_order) select '21',id,'ingredient',null,'','4瓣',false,1 from public.ingredients where name='蒜' and category='vegetable';
insert into public.ingredients(name,category,default_unit) values('生抽','seasoning','勺') on conflict(name,category) do update set default_unit=excluded.default_unit;
insert into public.dish_ingredients(dish_id,ingredient_id,kind,amount,unit,display_amount,optional,sort_order) select '21',id,'seasoning',1,'勺','1勺',false,2 from public.ingredients where name='生抽' and category='seasoning';
insert into public.ingredients(name,category,default_unit) values('盐','pantry','') on conflict(name,category) do update set default_unit=excluded.default_unit;
insert into public.dish_ingredients(dish_id,ingredient_id,kind,amount,unit,display_amount,optional,sort_order) select '21',id,'seasoning',null,'','适量',false,3 from public.ingredients where name='盐' and category='pantry';
insert into public.ingredients(name,category,default_unit) values('食用油','pantry','') on conflict(name,category) do update set default_unit=excluded.default_unit;
insert into public.dish_ingredients(dish_id,ingredient_id,kind,amount,unit,display_amount,optional,sort_order) select '21',id,'seasoning',null,'','适量',false,4 from public.ingredients where name='食用油' and category='pantry';
delete from public.recipe_steps where dish_id='21';
insert into public.recipe_steps(dish_id,step_number,title,description) values('21',1,'备好食材','生菜、蒜处理干净，按容易入口的大小切好，调料提前放在手边。');
insert into public.recipe_steps(dish_id,step_number,title,description) values('21',2,'开始烹饪','热锅放油，先处理耐熟食材，再加入其余食材快速翻炒。');
insert into public.recipe_steps(dish_id,step_number,title,description) values('21',3,'调味出锅','加入调料翻匀，尝味后微调咸淡，趁热装盘。');
insert into public.dishes(id,slug,name,category,tags,difficulty,cook_minutes,servings,description,emoji,tone,tips,video_url,featured,active) values('22','dish-22','虾仁滑蛋','海鲜',array['嫩滑','鲜香']::text[],'简单',18,2,'把虾仁、鸡蛋做得恰到好处，是很适合两个人晚餐的一道虾仁滑蛋。','🍤','coral',array['食材下锅前尽量沥干水分，味道更香，也更安全。','最后尝味再补盐，避免调味过重。']::text[],'https://search.bilibili.com/all?keyword=%E8%99%BE%E4%BB%81%E6%BB%91%E8%9B%8B%20%E5%AE%B6%E5%B8%B8%E5%81%9A%E6%B3%95',true,true) on conflict(id) do update set slug=excluded.slug,name=excluded.name,category=excluded.category,tags=excluded.tags,difficulty=excluded.difficulty,cook_minutes=excluded.cook_minutes,servings=excluded.servings,description=excluded.description,emoji=excluded.emoji,tone=excluded.tone,tips=excluded.tips,video_url=excluded.video_url,featured=excluded.featured,active=true;
delete from public.dish_ingredients where dish_id='22';
insert into public.ingredients(name,category,default_unit) values('虾仁','meat','') on conflict(name,category) do update set default_unit=excluded.default_unit;
insert into public.dish_ingredients(dish_id,ingredient_id,kind,amount,unit,display_amount,optional,sort_order) select '22',id,'ingredient',null,'','200克',false,0 from public.ingredients where name='虾仁' and category='meat';
insert into public.ingredients(name,category,default_unit) values('鸡蛋','egg','') on conflict(name,category) do update set default_unit=excluded.default_unit;
insert into public.dish_ingredients(dish_id,ingredient_id,kind,amount,unit,display_amount,optional,sort_order) select '22',id,'ingredient',null,'','4个',false,1 from public.ingredients where name='鸡蛋' and category='egg';
insert into public.ingredients(name,category,default_unit) values('生抽','seasoning','勺') on conflict(name,category) do update set default_unit=excluded.default_unit;
insert into public.dish_ingredients(dish_id,ingredient_id,kind,amount,unit,display_amount,optional,sort_order) select '22',id,'seasoning',1,'勺','1勺',false,2 from public.ingredients where name='生抽' and category='seasoning';
insert into public.ingredients(name,category,default_unit) values('盐','pantry','') on conflict(name,category) do update set default_unit=excluded.default_unit;
insert into public.dish_ingredients(dish_id,ingredient_id,kind,amount,unit,display_amount,optional,sort_order) select '22',id,'seasoning',null,'','适量',false,3 from public.ingredients where name='盐' and category='pantry';
insert into public.ingredients(name,category,default_unit) values('食用油','pantry','') on conflict(name,category) do update set default_unit=excluded.default_unit;
insert into public.dish_ingredients(dish_id,ingredient_id,kind,amount,unit,display_amount,optional,sort_order) select '22',id,'seasoning',null,'','适量',false,4 from public.ingredients where name='食用油' and category='pantry';
delete from public.recipe_steps where dish_id='22';
insert into public.recipe_steps(dish_id,step_number,title,description) values('22',1,'备好食材','虾仁、鸡蛋处理干净，按容易入口的大小切好，调料提前放在手边。');
insert into public.recipe_steps(dish_id,step_number,title,description) values('22',2,'开始烹饪','热锅放油，先处理耐熟食材，再加入其余食材快速翻炒。');
insert into public.recipe_steps(dish_id,step_number,title,description) values('22',3,'调味出锅','加入调料翻匀，尝味后微调咸淡，趁热装盘。');
insert into public.dishes(id,slug,name,category,tags,difficulty,cook_minutes,servings,description,emoji,tone,tips,video_url,featured,active) values('23','dish-23','蒜蓉粉丝虾','海鲜',array['蒸菜','鲜香']::text[],'适中',30,2,'把鲜虾、粉丝、蒜做得恰到好处，是很适合两个人晚餐的一道蒜蓉粉丝虾。','🦐','coral',array['食材下锅前尽量沥干水分，味道更香，也更安全。','最后尝味再补盐，避免调味过重。']::text[],'https://search.bilibili.com/all?keyword=%E8%92%9C%E8%93%89%E7%B2%89%E4%B8%9D%E8%99%BE%20%E5%AE%B6%E5%B8%B8%E5%81%9A%E6%B3%95',false,true) on conflict(id) do update set slug=excluded.slug,name=excluded.name,category=excluded.category,tags=excluded.tags,difficulty=excluded.difficulty,cook_minutes=excluded.cook_minutes,servings=excluded.servings,description=excluded.description,emoji=excluded.emoji,tone=excluded.tone,tips=excluded.tips,video_url=excluded.video_url,featured=excluded.featured,active=true;
delete from public.dish_ingredients where dish_id='23';
insert into public.ingredients(name,category,default_unit) values('鲜虾','meat','') on conflict(name,category) do update set default_unit=excluded.default_unit;
insert into public.dish_ingredients(dish_id,ingredient_id,kind,amount,unit,display_amount,optional,sort_order) select '23',id,'ingredient',null,'','12只',false,0 from public.ingredients where name='鲜虾' and category='meat';
insert into public.ingredients(name,category,default_unit) values('粉丝','staple','') on conflict(name,category) do update set default_unit=excluded.default_unit;
insert into public.dish_ingredients(dish_id,ingredient_id,kind,amount,unit,display_amount,optional,sort_order) select '23',id,'ingredient',null,'','1把',false,1 from public.ingredients where name='粉丝' and category='staple';
insert into public.ingredients(name,category,default_unit) values('蒜','vegetable','') on conflict(name,category) do update set default_unit=excluded.default_unit;
insert into public.dish_ingredients(dish_id,ingredient_id,kind,amount,unit,display_amount,optional,sort_order) select '23',id,'ingredient',null,'','1头',false,2 from public.ingredients where name='蒜' and category='vegetable';
insert into public.ingredients(name,category,default_unit) values('生抽','seasoning','勺') on conflict(name,category) do update set default_unit=excluded.default_unit;
insert into public.dish_ingredients(dish_id,ingredient_id,kind,amount,unit,display_amount,optional,sort_order) select '23',id,'seasoning',1,'勺','1勺',false,3 from public.ingredients where name='生抽' and category='seasoning';
insert into public.ingredients(name,category,default_unit) values('盐','pantry','') on conflict(name,category) do update set default_unit=excluded.default_unit;
insert into public.dish_ingredients(dish_id,ingredient_id,kind,amount,unit,display_amount,optional,sort_order) select '23',id,'seasoning',null,'','适量',false,4 from public.ingredients where name='盐' and category='pantry';
insert into public.ingredients(name,category,default_unit) values('食用油','pantry','') on conflict(name,category) do update set default_unit=excluded.default_unit;
insert into public.dish_ingredients(dish_id,ingredient_id,kind,amount,unit,display_amount,optional,sort_order) select '23',id,'seasoning',null,'','适量',false,5 from public.ingredients where name='食用油' and category='pantry';
delete from public.recipe_steps where dish_id='23';
insert into public.recipe_steps(dish_id,step_number,title,description) values('23',1,'备好食材','鲜虾、粉丝、蒜处理干净，按容易入口的大小切好，调料提前放在手边。');
insert into public.recipe_steps(dish_id,step_number,title,description) values('23',2,'开始烹饪','热锅放油，先处理耐熟食材，再加入其余食材快速翻炒。');
insert into public.recipe_steps(dish_id,step_number,title,description) values('23',3,'调味出锅','加入调料翻匀，尝味后微调咸淡，趁热装盘。');
insert into public.dishes(id,slug,name,category,tags,difficulty,cook_minutes,servings,description,emoji,tone,tips,video_url,featured,active) values('24','dish-24','清蒸鲈鱼','海鲜',array['清鲜','蒸菜']::text[],'适中',30,2,'把鲈鱼、小葱、姜做得恰到好处，是很适合两个人晚餐的一道清蒸鲈鱼。','🐟','blue',array['食材下锅前尽量沥干水分，味道更香，也更安全。','最后尝味再补盐，避免调味过重。']::text[],'https://search.bilibili.com/all?keyword=%E6%B8%85%E8%92%B8%E9%B2%88%E9%B1%BC%20%E5%AE%B6%E5%B8%B8%E5%81%9A%E6%B3%95',false,true) on conflict(id) do update set slug=excluded.slug,name=excluded.name,category=excluded.category,tags=excluded.tags,difficulty=excluded.difficulty,cook_minutes=excluded.cook_minutes,servings=excluded.servings,description=excluded.description,emoji=excluded.emoji,tone=excluded.tone,tips=excluded.tips,video_url=excluded.video_url,featured=excluded.featured,active=true;
delete from public.dish_ingredients where dish_id='24';
insert into public.ingredients(name,category,default_unit) values('鲈鱼','meat','') on conflict(name,category) do update set default_unit=excluded.default_unit;
insert into public.dish_ingredients(dish_id,ingredient_id,kind,amount,unit,display_amount,optional,sort_order) select '24',id,'ingredient',null,'','1条',false,0 from public.ingredients where name='鲈鱼' and category='meat';
insert into public.ingredients(name,category,default_unit) values('小葱','vegetable','') on conflict(name,category) do update set default_unit=excluded.default_unit;
insert into public.dish_ingredients(dish_id,ingredient_id,kind,amount,unit,display_amount,optional,sort_order) select '24',id,'ingredient',null,'','3根',false,1 from public.ingredients where name='小葱' and category='vegetable';
insert into public.ingredients(name,category,default_unit) values('姜','vegetable','') on conflict(name,category) do update set default_unit=excluded.default_unit;
insert into public.dish_ingredients(dish_id,ingredient_id,kind,amount,unit,display_amount,optional,sort_order) select '24',id,'ingredient',null,'','1块',false,2 from public.ingredients where name='姜' and category='vegetable';
insert into public.ingredients(name,category,default_unit) values('生抽','seasoning','勺') on conflict(name,category) do update set default_unit=excluded.default_unit;
insert into public.dish_ingredients(dish_id,ingredient_id,kind,amount,unit,display_amount,optional,sort_order) select '24',id,'seasoning',1,'勺','1勺',false,3 from public.ingredients where name='生抽' and category='seasoning';
insert into public.ingredients(name,category,default_unit) values('盐','pantry','') on conflict(name,category) do update set default_unit=excluded.default_unit;
insert into public.dish_ingredients(dish_id,ingredient_id,kind,amount,unit,display_amount,optional,sort_order) select '24',id,'seasoning',null,'','适量',false,4 from public.ingredients where name='盐' and category='pantry';
insert into public.ingredients(name,category,default_unit) values('食用油','pantry','') on conflict(name,category) do update set default_unit=excluded.default_unit;
insert into public.dish_ingredients(dish_id,ingredient_id,kind,amount,unit,display_amount,optional,sort_order) select '24',id,'seasoning',null,'','适量',false,5 from public.ingredients where name='食用油' and category='pantry';
delete from public.recipe_steps where dish_id='24';
insert into public.recipe_steps(dish_id,step_number,title,description) values('24',1,'备好食材','鲈鱼、小葱、姜处理干净，按容易入口的大小切好，调料提前放在手边。');
insert into public.recipe_steps(dish_id,step_number,title,description) values('24',2,'开始烹饪','热锅放油，先处理耐熟食材，再加入其余食材快速翻炒。');
insert into public.recipe_steps(dish_id,step_number,title,description) values('24',3,'调味出锅','加入调料翻匀，尝味后微调咸淡，趁热装盘。');
insert into public.dishes(id,slug,name,category,tags,difficulty,cook_minutes,servings,description,emoji,tone,tips,video_url,featured,active) values('25','dish-25','番茄炖牛腩','汤羹',array['浓汤','暖胃']::text[],'适中',90,2,'把牛腩、番茄做得恰到好处，是很适合两个人晚餐的一道番茄炖牛腩。','🥘','coral',array['食材下锅前尽量沥干水分，味道更香，也更安全。','最后尝味再补盐，避免调味过重。']::text[],'https://search.bilibili.com/all?keyword=%E7%95%AA%E8%8C%84%E7%82%96%E7%89%9B%E8%85%A9%20%E5%AE%B6%E5%B8%B8%E5%81%9A%E6%B3%95',false,true) on conflict(id) do update set slug=excluded.slug,name=excluded.name,category=excluded.category,tags=excluded.tags,difficulty=excluded.difficulty,cook_minutes=excluded.cook_minutes,servings=excluded.servings,description=excluded.description,emoji=excluded.emoji,tone=excluded.tone,tips=excluded.tips,video_url=excluded.video_url,featured=excluded.featured,active=true;
delete from public.dish_ingredients where dish_id='25';
insert into public.ingredients(name,category,default_unit) values('牛腩','meat','') on conflict(name,category) do update set default_unit=excluded.default_unit;
insert into public.dish_ingredients(dish_id,ingredient_id,kind,amount,unit,display_amount,optional,sort_order) select '25',id,'ingredient',null,'','500克',false,0 from public.ingredients where name='牛腩' and category='meat';
insert into public.ingredients(name,category,default_unit) values('番茄','vegetable','') on conflict(name,category) do update set default_unit=excluded.default_unit;
insert into public.dish_ingredients(dish_id,ingredient_id,kind,amount,unit,display_amount,optional,sort_order) select '25',id,'ingredient',null,'','3个',false,1 from public.ingredients where name='番茄' and category='vegetable';
insert into public.ingredients(name,category,default_unit) values('白胡椒','seasoning','勺') on conflict(name,category) do update set default_unit=excluded.default_unit;
insert into public.dish_ingredients(dish_id,ingredient_id,kind,amount,unit,display_amount,optional,sort_order) select '25',id,'seasoning',1,'勺','1勺',false,2 from public.ingredients where name='白胡椒' and category='seasoning';
insert into public.ingredients(name,category,default_unit) values('盐','pantry','') on conflict(name,category) do update set default_unit=excluded.default_unit;
insert into public.dish_ingredients(dish_id,ingredient_id,kind,amount,unit,display_amount,optional,sort_order) select '25',id,'seasoning',null,'','适量',false,3 from public.ingredients where name='盐' and category='pantry';
insert into public.ingredients(name,category,default_unit) values('食用油','pantry','') on conflict(name,category) do update set default_unit=excluded.default_unit;
insert into public.dish_ingredients(dish_id,ingredient_id,kind,amount,unit,display_amount,optional,sort_order) select '25',id,'seasoning',null,'','适量',false,4 from public.ingredients where name='食用油' and category='pantry';
delete from public.recipe_steps where dish_id='25';
insert into public.recipe_steps(dish_id,step_number,title,description) values('25',1,'备好食材','牛腩、番茄处理干净，按容易入口的大小切好，调料提前放在手边。');
insert into public.recipe_steps(dish_id,step_number,title,description) values('25',2,'开始烹饪','锅中加水煮开，放入主要食材，转小火煮至味道融合。');
insert into public.recipe_steps(dish_id,step_number,title,description) values('25',3,'调味出锅','加入调料翻匀，尝味后微调咸淡，趁热装盘。');
insert into public.dishes(id,slug,name,category,tags,difficulty,cook_minutes,servings,description,emoji,tone,tips,video_url,featured,active) values('26','dish-26','冬瓜排骨汤','汤羹',array['清甜','汤羹']::text[],'简单',70,2,'把排骨、冬瓜做得恰到好处，是很适合两个人晚餐的一道冬瓜排骨汤。','🍲','blue',array['食材下锅前尽量沥干水分，味道更香，也更安全。','最后尝味再补盐，避免调味过重。']::text[],'https://search.bilibili.com/all?keyword=%E5%86%AC%E7%93%9C%E6%8E%92%E9%AA%A8%E6%B1%A4%20%E5%AE%B6%E5%B8%B8%E5%81%9A%E6%B3%95',false,true) on conflict(id) do update set slug=excluded.slug,name=excluded.name,category=excluded.category,tags=excluded.tags,difficulty=excluded.difficulty,cook_minutes=excluded.cook_minutes,servings=excluded.servings,description=excluded.description,emoji=excluded.emoji,tone=excluded.tone,tips=excluded.tips,video_url=excluded.video_url,featured=excluded.featured,active=true;
delete from public.dish_ingredients where dish_id='26';
insert into public.ingredients(name,category,default_unit) values('排骨','meat','') on conflict(name,category) do update set default_unit=excluded.default_unit;
insert into public.dish_ingredients(dish_id,ingredient_id,kind,amount,unit,display_amount,optional,sort_order) select '26',id,'ingredient',null,'','400克',false,0 from public.ingredients where name='排骨' and category='meat';
insert into public.ingredients(name,category,default_unit) values('冬瓜','vegetable','') on conflict(name,category) do update set default_unit=excluded.default_unit;
insert into public.dish_ingredients(dish_id,ingredient_id,kind,amount,unit,display_amount,optional,sort_order) select '26',id,'ingredient',null,'','500克',false,1 from public.ingredients where name='冬瓜' and category='vegetable';
insert into public.ingredients(name,category,default_unit) values('白胡椒','seasoning','勺') on conflict(name,category) do update set default_unit=excluded.default_unit;
insert into public.dish_ingredients(dish_id,ingredient_id,kind,amount,unit,display_amount,optional,sort_order) select '26',id,'seasoning',1,'勺','1勺',false,2 from public.ingredients where name='白胡椒' and category='seasoning';
insert into public.ingredients(name,category,default_unit) values('盐','pantry','') on conflict(name,category) do update set default_unit=excluded.default_unit;
insert into public.dish_ingredients(dish_id,ingredient_id,kind,amount,unit,display_amount,optional,sort_order) select '26',id,'seasoning',null,'','适量',false,3 from public.ingredients where name='盐' and category='pantry';
insert into public.ingredients(name,category,default_unit) values('食用油','pantry','') on conflict(name,category) do update set default_unit=excluded.default_unit;
insert into public.dish_ingredients(dish_id,ingredient_id,kind,amount,unit,display_amount,optional,sort_order) select '26',id,'seasoning',null,'','适量',false,4 from public.ingredients where name='食用油' and category='pantry';
delete from public.recipe_steps where dish_id='26';
insert into public.recipe_steps(dish_id,step_number,title,description) values('26',1,'备好食材','排骨、冬瓜处理干净，按容易入口的大小切好，调料提前放在手边。');
insert into public.recipe_steps(dish_id,step_number,title,description) values('26',2,'开始烹饪','锅中加水煮开，放入主要食材，转小火煮至味道融合。');
insert into public.recipe_steps(dish_id,step_number,title,description) values('26',3,'调味出锅','加入调料翻匀，尝味后微调咸淡，趁热装盘。');
insert into public.dishes(id,slug,name,category,tags,difficulty,cook_minutes,servings,description,emoji,tone,tips,video_url,featured,active) values('27','dish-27','紫菜蛋花汤','汤羹',array['快手','清淡']::text[],'简单',10,2,'把紫菜、鸡蛋做得恰到好处，是很适合两个人晚餐的一道紫菜蛋花汤。','🥣','blue',array['食材下锅前尽量沥干水分，味道更香，也更安全。','最后尝味再补盐，避免调味过重。']::text[],'https://search.bilibili.com/all?keyword=%E7%B4%AB%E8%8F%9C%E8%9B%8B%E8%8A%B1%E6%B1%A4%20%E5%AE%B6%E5%B8%B8%E5%81%9A%E6%B3%95',false,true) on conflict(id) do update set slug=excluded.slug,name=excluded.name,category=excluded.category,tags=excluded.tags,difficulty=excluded.difficulty,cook_minutes=excluded.cook_minutes,servings=excluded.servings,description=excluded.description,emoji=excluded.emoji,tone=excluded.tone,tips=excluded.tips,video_url=excluded.video_url,featured=excluded.featured,active=true;
delete from public.dish_ingredients where dish_id='27';
insert into public.ingredients(name,category,default_unit) values('紫菜','vegetable','') on conflict(name,category) do update set default_unit=excluded.default_unit;
insert into public.dish_ingredients(dish_id,ingredient_id,kind,amount,unit,display_amount,optional,sort_order) select '27',id,'ingredient',null,'','1小把',false,0 from public.ingredients where name='紫菜' and category='vegetable';
insert into public.ingredients(name,category,default_unit) values('鸡蛋','egg','') on conflict(name,category) do update set default_unit=excluded.default_unit;
insert into public.dish_ingredients(dish_id,ingredient_id,kind,amount,unit,display_amount,optional,sort_order) select '27',id,'ingredient',null,'','2个',false,1 from public.ingredients where name='鸡蛋' and category='egg';
insert into public.ingredients(name,category,default_unit) values('白胡椒','seasoning','勺') on conflict(name,category) do update set default_unit=excluded.default_unit;
insert into public.dish_ingredients(dish_id,ingredient_id,kind,amount,unit,display_amount,optional,sort_order) select '27',id,'seasoning',1,'勺','1勺',false,2 from public.ingredients where name='白胡椒' and category='seasoning';
insert into public.ingredients(name,category,default_unit) values('盐','pantry','') on conflict(name,category) do update set default_unit=excluded.default_unit;
insert into public.dish_ingredients(dish_id,ingredient_id,kind,amount,unit,display_amount,optional,sort_order) select '27',id,'seasoning',null,'','适量',false,3 from public.ingredients where name='盐' and category='pantry';
insert into public.ingredients(name,category,default_unit) values('食用油','pantry','') on conflict(name,category) do update set default_unit=excluded.default_unit;
insert into public.dish_ingredients(dish_id,ingredient_id,kind,amount,unit,display_amount,optional,sort_order) select '27',id,'seasoning',null,'','适量',false,4 from public.ingredients where name='食用油' and category='pantry';
delete from public.recipe_steps where dish_id='27';
insert into public.recipe_steps(dish_id,step_number,title,description) values('27',1,'备好食材','紫菜、鸡蛋处理干净，按容易入口的大小切好，调料提前放在手边。');
insert into public.recipe_steps(dish_id,step_number,title,description) values('27',2,'开始烹饪','锅中加水煮开，放入主要食材，转小火煮至味道融合。');
insert into public.recipe_steps(dish_id,step_number,title,description) values('27',3,'调味出锅','加入调料翻匀，尝味后微调咸淡，趁热装盘。');
insert into public.dishes(id,slug,name,category,tags,difficulty,cook_minutes,servings,description,emoji,tone,tips,video_url,featured,active) values('28','dish-28','玉米山药鸡汤','汤羹',array['滋味','暖胃']::text[],'简单',80,2,'把鸡腿、玉米、山药做得恰到好处，是很适合两个人晚餐的一道玉米山药鸡汤。','🌽','amber',array['食材下锅前尽量沥干水分，味道更香，也更安全。','最后尝味再补盐，避免调味过重。']::text[],'https://search.bilibili.com/all?keyword=%E7%8E%89%E7%B1%B3%E5%B1%B1%E8%8D%AF%E9%B8%A1%E6%B1%A4%20%E5%AE%B6%E5%B8%B8%E5%81%9A%E6%B3%95',false,true) on conflict(id) do update set slug=excluded.slug,name=excluded.name,category=excluded.category,tags=excluded.tags,difficulty=excluded.difficulty,cook_minutes=excluded.cook_minutes,servings=excluded.servings,description=excluded.description,emoji=excluded.emoji,tone=excluded.tone,tips=excluded.tips,video_url=excluded.video_url,featured=excluded.featured,active=true;
delete from public.dish_ingredients where dish_id='28';
insert into public.ingredients(name,category,default_unit) values('鸡腿','meat','') on conflict(name,category) do update set default_unit=excluded.default_unit;
insert into public.dish_ingredients(dish_id,ingredient_id,kind,amount,unit,display_amount,optional,sort_order) select '28',id,'ingredient',null,'','2只',false,0 from public.ingredients where name='鸡腿' and category='meat';
insert into public.ingredients(name,category,default_unit) values('玉米','vegetable','') on conflict(name,category) do update set default_unit=excluded.default_unit;
insert into public.dish_ingredients(dish_id,ingredient_id,kind,amount,unit,display_amount,optional,sort_order) select '28',id,'ingredient',null,'','1根',false,1 from public.ingredients where name='玉米' and category='vegetable';
insert into public.ingredients(name,category,default_unit) values('山药','vegetable','') on conflict(name,category) do update set default_unit=excluded.default_unit;
insert into public.dish_ingredients(dish_id,ingredient_id,kind,amount,unit,display_amount,optional,sort_order) select '28',id,'ingredient',null,'','半根',false,2 from public.ingredients where name='山药' and category='vegetable';
insert into public.ingredients(name,category,default_unit) values('白胡椒','seasoning','勺') on conflict(name,category) do update set default_unit=excluded.default_unit;
insert into public.dish_ingredients(dish_id,ingredient_id,kind,amount,unit,display_amount,optional,sort_order) select '28',id,'seasoning',1,'勺','1勺',false,3 from public.ingredients where name='白胡椒' and category='seasoning';
insert into public.ingredients(name,category,default_unit) values('盐','pantry','') on conflict(name,category) do update set default_unit=excluded.default_unit;
insert into public.dish_ingredients(dish_id,ingredient_id,kind,amount,unit,display_amount,optional,sort_order) select '28',id,'seasoning',null,'','适量',false,4 from public.ingredients where name='盐' and category='pantry';
insert into public.ingredients(name,category,default_unit) values('食用油','pantry','') on conflict(name,category) do update set default_unit=excluded.default_unit;
insert into public.dish_ingredients(dish_id,ingredient_id,kind,amount,unit,display_amount,optional,sort_order) select '28',id,'seasoning',null,'','适量',false,5 from public.ingredients where name='食用油' and category='pantry';
delete from public.recipe_steps where dish_id='28';
insert into public.recipe_steps(dish_id,step_number,title,description) values('28',1,'备好食材','鸡腿、玉米、山药处理干净，按容易入口的大小切好，调料提前放在手边。');
insert into public.recipe_steps(dish_id,step_number,title,description) values('28',2,'开始烹饪','锅中加水煮开，放入主要食材，转小火煮至味道融合。');
insert into public.recipe_steps(dish_id,step_number,title,description) values('28',3,'调味出锅','加入调料翻匀，尝味后微调咸淡，趁热装盘。');
insert into public.dishes(id,slug,name,category,tags,difficulty,cook_minutes,servings,description,emoji,tone,tips,video_url,featured,active) values('29','dish-29','扬州炒饭','主食',array['一锅出','快手']::text[],'简单',20,2,'把隔夜米饭、鸡蛋、虾仁做得恰到好处，是很适合两个人晚餐的一道扬州炒饭。','🍚','amber',array['食材下锅前尽量沥干水分，味道更香，也更安全。','最后尝味再补盐，避免调味过重。']::text[],'https://search.bilibili.com/all?keyword=%E6%89%AC%E5%B7%9E%E7%82%92%E9%A5%AD%20%E5%AE%B6%E5%B8%B8%E5%81%9A%E6%B3%95',false,true) on conflict(id) do update set slug=excluded.slug,name=excluded.name,category=excluded.category,tags=excluded.tags,difficulty=excluded.difficulty,cook_minutes=excluded.cook_minutes,servings=excluded.servings,description=excluded.description,emoji=excluded.emoji,tone=excluded.tone,tips=excluded.tips,video_url=excluded.video_url,featured=excluded.featured,active=true;
delete from public.dish_ingredients where dish_id='29';
insert into public.ingredients(name,category,default_unit) values('隔夜米饭','staple','') on conflict(name,category) do update set default_unit=excluded.default_unit;
insert into public.dish_ingredients(dish_id,ingredient_id,kind,amount,unit,display_amount,optional,sort_order) select '29',id,'ingredient',null,'','2碗',false,0 from public.ingredients where name='隔夜米饭' and category='staple';
insert into public.ingredients(name,category,default_unit) values('鸡蛋','egg','') on conflict(name,category) do update set default_unit=excluded.default_unit;
insert into public.dish_ingredients(dish_id,ingredient_id,kind,amount,unit,display_amount,optional,sort_order) select '29',id,'ingredient',null,'','2个',false,1 from public.ingredients where name='鸡蛋' and category='egg';
insert into public.ingredients(name,category,default_unit) values('虾仁','meat','') on conflict(name,category) do update set default_unit=excluded.default_unit;
insert into public.dish_ingredients(dish_id,ingredient_id,kind,amount,unit,display_amount,optional,sort_order) select '29',id,'ingredient',null,'','100克',false,2 from public.ingredients where name='虾仁' and category='meat';
insert into public.ingredients(name,category,default_unit) values('生抽','seasoning','勺') on conflict(name,category) do update set default_unit=excluded.default_unit;
insert into public.dish_ingredients(dish_id,ingredient_id,kind,amount,unit,display_amount,optional,sort_order) select '29',id,'seasoning',1,'勺','1勺',false,3 from public.ingredients where name='生抽' and category='seasoning';
insert into public.ingredients(name,category,default_unit) values('盐','pantry','') on conflict(name,category) do update set default_unit=excluded.default_unit;
insert into public.dish_ingredients(dish_id,ingredient_id,kind,amount,unit,display_amount,optional,sort_order) select '29',id,'seasoning',null,'','适量',false,4 from public.ingredients where name='盐' and category='pantry';
insert into public.ingredients(name,category,default_unit) values('食用油','pantry','') on conflict(name,category) do update set default_unit=excluded.default_unit;
insert into public.dish_ingredients(dish_id,ingredient_id,kind,amount,unit,display_amount,optional,sort_order) select '29',id,'seasoning',null,'','适量',false,5 from public.ingredients where name='食用油' and category='pantry';
delete from public.recipe_steps where dish_id='29';
insert into public.recipe_steps(dish_id,step_number,title,description) values('29',1,'备好食材','隔夜米饭、鸡蛋、虾仁处理干净，按容易入口的大小切好，调料提前放在手边。');
insert into public.recipe_steps(dish_id,step_number,title,description) values('29',2,'开始烹饪','热锅放油，先处理耐熟食材，再加入其余食材快速翻炒。');
insert into public.recipe_steps(dish_id,step_number,title,description) values('29',3,'调味出锅','加入调料翻匀，尝味后微调咸淡，趁热装盘。');
insert into public.dishes(id,slug,name,category,tags,difficulty,cook_minutes,servings,description,emoji,tone,tips,video_url,featured,active) values('30','dish-30','葱油拌面','主食',array['葱香','快手']::text[],'简单',20,2,'把面条、小葱做得恰到好处，是很适合两个人晚餐的一道葱油拌面。','🍜','green',array['食材下锅前尽量沥干水分，味道更香，也更安全。','最后尝味再补盐，避免调味过重。']::text[],'https://search.bilibili.com/all?keyword=%E8%91%B1%E6%B2%B9%E6%8B%8C%E9%9D%A2%20%E5%AE%B6%E5%B8%B8%E5%81%9A%E6%B3%95',false,true) on conflict(id) do update set slug=excluded.slug,name=excluded.name,category=excluded.category,tags=excluded.tags,difficulty=excluded.difficulty,cook_minutes=excluded.cook_minutes,servings=excluded.servings,description=excluded.description,emoji=excluded.emoji,tone=excluded.tone,tips=excluded.tips,video_url=excluded.video_url,featured=excluded.featured,active=true;
delete from public.dish_ingredients where dish_id='30';
insert into public.ingredients(name,category,default_unit) values('面条','staple','') on conflict(name,category) do update set default_unit=excluded.default_unit;
insert into public.dish_ingredients(dish_id,ingredient_id,kind,amount,unit,display_amount,optional,sort_order) select '30',id,'ingredient',null,'','2人份',false,0 from public.ingredients where name='面条' and category='staple';
insert into public.ingredients(name,category,default_unit) values('小葱','vegetable','') on conflict(name,category) do update set default_unit=excluded.default_unit;
insert into public.dish_ingredients(dish_id,ingredient_id,kind,amount,unit,display_amount,optional,sort_order) select '30',id,'ingredient',null,'','1把',false,1 from public.ingredients where name='小葱' and category='vegetable';
insert into public.ingredients(name,category,default_unit) values('生抽','seasoning','勺') on conflict(name,category) do update set default_unit=excluded.default_unit;
insert into public.dish_ingredients(dish_id,ingredient_id,kind,amount,unit,display_amount,optional,sort_order) select '30',id,'seasoning',1,'勺','1勺',false,2 from public.ingredients where name='生抽' and category='seasoning';
insert into public.ingredients(name,category,default_unit) values('盐','pantry','') on conflict(name,category) do update set default_unit=excluded.default_unit;
insert into public.dish_ingredients(dish_id,ingredient_id,kind,amount,unit,display_amount,optional,sort_order) select '30',id,'seasoning',null,'','适量',false,3 from public.ingredients where name='盐' and category='pantry';
insert into public.ingredients(name,category,default_unit) values('食用油','pantry','') on conflict(name,category) do update set default_unit=excluded.default_unit;
insert into public.dish_ingredients(dish_id,ingredient_id,kind,amount,unit,display_amount,optional,sort_order) select '30',id,'seasoning',null,'','适量',false,4 from public.ingredients where name='食用油' and category='pantry';
delete from public.recipe_steps where dish_id='30';
insert into public.recipe_steps(dish_id,step_number,title,description) values('30',1,'备好食材','面条、小葱处理干净，按容易入口的大小切好，调料提前放在手边。');
insert into public.recipe_steps(dish_id,step_number,title,description) values('30',2,'开始烹饪','热锅放油，先处理耐熟食材，再加入其余食材快速翻炒。');
insert into public.recipe_steps(dish_id,step_number,title,description) values('30',3,'调味出锅','加入调料翻匀，尝味后微调咸淡，趁热装盘。');
insert into public.dishes(id,slug,name,category,tags,difficulty,cook_minutes,servings,description,emoji,tone,tips,video_url,featured,active) values('31','dish-31','肉末茄子','荤菜',array['软糯','下饭']::text[],'简单',30,2,'把茄子、肉末做得恰到好处，是很适合两个人晚餐的一道肉末茄子。','🍆','purple',array['食材下锅前尽量沥干水分，味道更香，也更安全。','最后尝味再补盐，避免调味过重。']::text[],'https://search.bilibili.com/all?keyword=%E8%82%89%E6%9C%AB%E8%8C%84%E5%AD%90%20%E5%AE%B6%E5%B8%B8%E5%81%9A%E6%B3%95',false,true) on conflict(id) do update set slug=excluded.slug,name=excluded.name,category=excluded.category,tags=excluded.tags,difficulty=excluded.difficulty,cook_minutes=excluded.cook_minutes,servings=excluded.servings,description=excluded.description,emoji=excluded.emoji,tone=excluded.tone,tips=excluded.tips,video_url=excluded.video_url,featured=excluded.featured,active=true;
delete from public.dish_ingredients where dish_id='31';
insert into public.ingredients(name,category,default_unit) values('茄子','vegetable','') on conflict(name,category) do update set default_unit=excluded.default_unit;
insert into public.dish_ingredients(dish_id,ingredient_id,kind,amount,unit,display_amount,optional,sort_order) select '31',id,'ingredient',null,'','2根',false,0 from public.ingredients where name='茄子' and category='vegetable';
insert into public.ingredients(name,category,default_unit) values('肉末','meat','') on conflict(name,category) do update set default_unit=excluded.default_unit;
insert into public.dish_ingredients(dish_id,ingredient_id,kind,amount,unit,display_amount,optional,sort_order) select '31',id,'ingredient',null,'','150克',false,1 from public.ingredients where name='肉末' and category='meat';
insert into public.ingredients(name,category,default_unit) values('生抽','seasoning','勺') on conflict(name,category) do update set default_unit=excluded.default_unit;
insert into public.dish_ingredients(dish_id,ingredient_id,kind,amount,unit,display_amount,optional,sort_order) select '31',id,'seasoning',1,'勺','1勺',false,2 from public.ingredients where name='生抽' and category='seasoning';
insert into public.ingredients(name,category,default_unit) values('盐','pantry','') on conflict(name,category) do update set default_unit=excluded.default_unit;
insert into public.dish_ingredients(dish_id,ingredient_id,kind,amount,unit,display_amount,optional,sort_order) select '31',id,'seasoning',null,'','适量',false,3 from public.ingredients where name='盐' and category='pantry';
insert into public.ingredients(name,category,default_unit) values('食用油','pantry','') on conflict(name,category) do update set default_unit=excluded.default_unit;
insert into public.dish_ingredients(dish_id,ingredient_id,kind,amount,unit,display_amount,optional,sort_order) select '31',id,'seasoning',null,'','适量',false,4 from public.ingredients where name='食用油' and category='pantry';
delete from public.recipe_steps where dish_id='31';
insert into public.recipe_steps(dish_id,step_number,title,description) values('31',1,'备好食材','茄子、肉末处理干净，按容易入口的大小切好，调料提前放在手边。');
insert into public.recipe_steps(dish_id,step_number,title,description) values('31',2,'开始烹饪','热锅放油，先处理耐熟食材，再加入其余食材快速翻炒。');
insert into public.recipe_steps(dish_id,step_number,title,description) values('31',3,'调味出锅','加入调料翻匀，尝味后微调咸淡，趁热装盘。');
insert into public.dishes(id,slug,name,category,tags,difficulty,cook_minutes,servings,description,emoji,tone,tips,video_url,featured,active) values('32','dish-32','莲藕炒肉片','荤菜',array['脆爽','家常']::text[],'简单',25,2,'把莲藕、猪肉做得恰到好处，是很适合两个人晚餐的一道莲藕炒肉片。','🪷','coral',array['食材下锅前尽量沥干水分，味道更香，也更安全。','最后尝味再补盐，避免调味过重。']::text[],'https://search.bilibili.com/all?keyword=%E8%8E%B2%E8%97%95%E7%82%92%E8%82%89%E7%89%87%20%E5%AE%B6%E5%B8%B8%E5%81%9A%E6%B3%95',false,true) on conflict(id) do update set slug=excluded.slug,name=excluded.name,category=excluded.category,tags=excluded.tags,difficulty=excluded.difficulty,cook_minutes=excluded.cook_minutes,servings=excluded.servings,description=excluded.description,emoji=excluded.emoji,tone=excluded.tone,tips=excluded.tips,video_url=excluded.video_url,featured=excluded.featured,active=true;
delete from public.dish_ingredients where dish_id='32';
insert into public.ingredients(name,category,default_unit) values('莲藕','vegetable','') on conflict(name,category) do update set default_unit=excluded.default_unit;
insert into public.dish_ingredients(dish_id,ingredient_id,kind,amount,unit,display_amount,optional,sort_order) select '32',id,'ingredient',null,'','1节',false,0 from public.ingredients where name='莲藕' and category='vegetable';
insert into public.ingredients(name,category,default_unit) values('猪肉','meat','') on conflict(name,category) do update set default_unit=excluded.default_unit;
insert into public.dish_ingredients(dish_id,ingredient_id,kind,amount,unit,display_amount,optional,sort_order) select '32',id,'ingredient',null,'','200克',false,1 from public.ingredients where name='猪肉' and category='meat';
insert into public.ingredients(name,category,default_unit) values('生抽','seasoning','勺') on conflict(name,category) do update set default_unit=excluded.default_unit;
insert into public.dish_ingredients(dish_id,ingredient_id,kind,amount,unit,display_amount,optional,sort_order) select '32',id,'seasoning',1,'勺','1勺',false,2 from public.ingredients where name='生抽' and category='seasoning';
insert into public.ingredients(name,category,default_unit) values('盐','pantry','') on conflict(name,category) do update set default_unit=excluded.default_unit;
insert into public.dish_ingredients(dish_id,ingredient_id,kind,amount,unit,display_amount,optional,sort_order) select '32',id,'seasoning',null,'','适量',false,3 from public.ingredients where name='盐' and category='pantry';
insert into public.ingredients(name,category,default_unit) values('食用油','pantry','') on conflict(name,category) do update set default_unit=excluded.default_unit;
insert into public.dish_ingredients(dish_id,ingredient_id,kind,amount,unit,display_amount,optional,sort_order) select '32',id,'seasoning',null,'','适量',false,4 from public.ingredients where name='食用油' and category='pantry';
delete from public.recipe_steps where dish_id='32';
insert into public.recipe_steps(dish_id,step_number,title,description) values('32',1,'备好食材','莲藕、猪肉处理干净，按容易入口的大小切好，调料提前放在手边。');
insert into public.recipe_steps(dish_id,step_number,title,description) values('32',2,'开始烹饪','热锅放油，先处理耐熟食材，再加入其余食材快速翻炒。');
insert into public.recipe_steps(dish_id,step_number,title,description) values('32',3,'调味出锅','加入调料翻匀，尝味后微调咸淡，趁热装盘。');
commit;
